<?xml version="1.0" encoding="UTF-8"?>

<ActivityDefinition xmlns="http://hl7.org/fhir">
  <id value="NoDexamethasoneApplication"/>
  <meta>
    <profile value="https://www.netzwerk-universitaetsmedizin.de/fhir/screen4care/StructureDefinition/drug-administration-action"/>
  </meta>
  <text>
    <status value="extensions"/><div xmlns="http://www.w3.org/1999/xhtml"><p><b>Generated Narrative: ActivityDefinition</b><a name="NoDexamethasoneApplication"> </a></p><div style="display: inline-block; background-color: #d9e0e7; padding: 6px; margin: 4px; border: 1px solid #8da1b4; border-radius: 5px; line-height: 60%"><p style="margin-bottom: 0px">Resource ActivityDefinition &quot;NoDexamethasoneApplication&quot; </p><p style="margin-bottom: 0px">Profile: <a href="StructureDefinition-drug-administration-action.html">Drug Administration Action</a></p></div><p><b>knowledgeCapability</b>: computable</p><p><b>knowledgeRepresentationLevel</b>: structured</p><p><b>url</b>: <code>https://www.netzwerk-universitaetsmedizin.de/fhir/cpg-on-ebm-on-fhir/example/recommendation-action/no-dexamethasone-application</code></p><p><b>version</b>: 1.0</p><p><b>name</b>: NoDexamethasoneApplicationActivity</p><p><b>status</b>: active</p><p><b>experimental</b>: true</p><p><b>subject</b>: Patient <span style="background: LightGoldenRodYellow; margin: 4px; border: 1px solid khaki"> (<a href="http://hl7.org/fhir/R5/codesystem-fhir-types.html">All FHIR Types</a>#Patient)</span></p><p><b>date</b>: 2023-08-08 08:47:01+0000</p><p><b>publisher</b>: CPGonEBMonFHIR</p><p><b>description</b>: No Application of Dexamethasone</p><p><b>kind</b>: MedicationRequest</p><p><b>code</b>: Administration of substance (procedure) <span style="background: LightGoldenRodYellow; margin: 4px; border: 1px solid khaki"> (<a href="https://browser.ihtsdotools.org/">SNOMED CT</a>#432102000)</span></p><p><b>doNotPerform</b>: true</p><p><b>product</b>: Dexamethasone (substance) <span style="background: LightGoldenRodYellow; margin: 4px; border: 1px solid khaki"> (<a href="https://browser.ihtsdotools.org/">SNOMED CT</a>#372584003; atc#C05AA09 &quot;Dexamethason&quot;)</span></p></div>
  </text>
  <extension url="http://hl7.org/fhir/uv/cpg/StructureDefinition/cpg-knowledgeCapability">
    <valueCode value="computable"/>
  </extension>
  <extension url="http://hl7.org/fhir/uv/cpg/StructureDefinition/cpg-knowledgeRepresentationLevel">
    <valueCode value="structured"/>
  </extension>
  <url value="https://www.netzwerk-universitaetsmedizin.de/fhir/cpg-on-ebm-on-fhir/example/recommendation-action/no-dexamethasone-application"/>
  <version value="1.0"/>
  <name value="NoDexamethasoneApplicationActivity"/>
  <status value="active"/>
  <experimental value="true"/>
  <subjectCodeableConcept>
    <coding>
      <system value="http://hl7.org/fhir/fhir-types"/>
      <code value="Patient"/>
    </coding>
  </subjectCodeableConcept>
  <date value="2023-08-08T08:47:01+00:00"/>
  <publisher value="CPGonEBMonFHIR"/>
  <description value="No Application of Dexamethasone"/>
  <kind value="MedicationRequest"/>
  <code>
    <coding>
      <system value="http://snomed.info/sct"/>
      <code value="432102000"/>
      <display value="Administration of substance (procedure)"/>
    </coding>
  </code>
  <doNotPerform value="true"/>
  <productCodeableConcept>
    <coding>
      <system value="http://snomed.info/sct"/>
      <code value="372584003"/>
      <display value="Dexamethasone (substance)"/>
    </coding>
    <coding>
      <system value="http://fhir.de/CodeSystem/bfarm/atc"/>
      <code value="C05AA09"/>
      <display value="Dexamethason"/>
    </coding>
  </productCodeableConcept>
</ActivityDefinition>