<?xml version="1.0" encoding="UTF-8"?>

<ArtifactAssessment xmlns="http://hl7.org/fhir">
  <id value="DexamethasoneRatingOutcomeMortality"/>
  <meta>
    <profile value="https://www.netzwerk-universitaetsmedizin.de/fhir/screen4care/StructureDefinition/certainty-of-evidence-rating"/>
  </meta>
  <text>
    <status value="extensions"/><div xmlns="http://www.w3.org/1999/xhtml"><p><b>Generated Narrative: ArtifactAssessment</b><a name="DexamethasoneRatingOutcomeMortality"> </a></p><div style="display: inline-block; background-color: #d9e0e7; padding: 6px; margin: 4px; border: 1px solid #8da1b4; border-radius: 5px; line-height: 60%"><p style="margin-bottom: 0px">Resource ArtifactAssessment &quot;DexamethasoneRatingOutcomeMortality&quot; </p><p style="margin-bottom: 0px">Profile: <a href="StructureDefinition-certainty-of-evidence-rating.html">Certainty of Evidence Rating</a></p></div><p><b>ArtifactAssessment Version</b>: v4.0</p><p><b>ArtifactAssessment Publication Status</b>: active</p><p><b>date</b>: 2020-01-03</p><p><b>artifact</b>: <a href="Evidence-DexamethasoneOutcomeMortality.html">Evidence/DexamethasoneOutcomeMortality</a> &quot;ExampleOutcomeEvidence&quot;</p><blockquote><p><b>content</b></p><p><b>informationType</b>: rating</p><p><b>type</b>: Overall certainty <span style="background: LightGoldenRodYellow; margin: 4px; border: 1px solid khaki"> (<a href="http://hl7.org/fhir/R5/codesystem-certainty-type.html">Evidence Certainty Type</a>#Overall)</span></p><p><b>classifier</b>: Moderate quality <span style="background: LightGoldenRodYellow; margin: 4px; border: 1px solid khaki"> (<a href="CodeSystem-certainty-rating.html">Evidence Certainty Rating</a>#moderate)</span></p></blockquote><blockquote><p><b>content</b></p><p><b>informationType</b>: rating</p><p><b>type</b>: Clinical Importance <span style="background: LightGoldenRodYellow; margin: 4px; border: 1px solid khaki"> (<a href="CodeSystem-ceosys-code-system.html">CEOsys Code System</a>#clinical-importance)</span></p><p><b>classifier</b>: Critical <span style="background: LightGoldenRodYellow; margin: 4px; border: 1px solid khaki"> (<a href="CodeSystem-cs-clinical-importance.html">Clinical Importance of Outcome</a>#9)</span></p></blockquote><blockquote><p><b>content</b></p><p><b>informationType</b>: rating</p><p><b>type</b>: Risk of bias <span style="background: LightGoldenRodYellow; margin: 4px; border: 1px solid khaki"> (<a href="http://hl7.org/fhir/R5/codesystem-certainty-type.html">Evidence Certainty Type</a>#RiskOfBias)</span></p><p><b>classifier</b>: serious concern <span style="background: LightGoldenRodYellow; margin: 4px; border: 1px solid khaki"> (<a href="CodeSystem-certainty-rating.html">Evidence Certainty Rating</a>#serious-concern)</span></p></blockquote><blockquote><p><b>content</b></p><p><b>informationType</b>: rating</p><p><b>type</b>: Inconsistency <span style="background: LightGoldenRodYellow; margin: 4px; border: 1px solid khaki"> (<a href="http://hl7.org/fhir/R5/codesystem-certainty-type.html">Evidence Certainty Type</a>#Inconsistency)</span></p><p><b>classifier</b>: no serious concern <span style="background: LightGoldenRodYellow; margin: 4px; border: 1px solid khaki"> (<a href="CodeSystem-certainty-rating.html">Evidence Certainty Rating</a>#no-concern)</span></p></blockquote><blockquote><p><b>content</b></p><p><b>informationType</b>: rating</p><p><b>type</b>: Indirectness <span style="background: LightGoldenRodYellow; margin: 4px; border: 1px solid khaki"> (<a href="http://hl7.org/fhir/R5/codesystem-certainty-type.html">Evidence Certainty Type</a>#Indirectness)</span></p><p><b>classifier</b>: no serious concern <span style="background: LightGoldenRodYellow; margin: 4px; border: 1px solid khaki"> (<a href="CodeSystem-certainty-rating.html">Evidence Certainty Rating</a>#no-concern)</span></p></blockquote><blockquote><p><b>content</b></p><p><b>informationType</b>: rating</p><p><b>type</b>: Imprecision <span style="background: LightGoldenRodYellow; margin: 4px; border: 1px solid khaki"> (<a href="http://hl7.org/fhir/R5/codesystem-certainty-type.html">Evidence Certainty Type</a>#Imprecision)</span></p><p><b>classifier</b>: no serious concern <span style="background: LightGoldenRodYellow; margin: 4px; border: 1px solid khaki"> (<a href="CodeSystem-certainty-rating.html">Evidence Certainty Rating</a>#no-concern)</span></p></blockquote><blockquote><p><b>content</b></p><p><b>informationType</b>: rating</p><p><b>type</b>: Publication bias <span style="background: LightGoldenRodYellow; margin: 4px; border: 1px solid khaki"> (<a href="http://hl7.org/fhir/R5/codesystem-certainty-type.html">Evidence Certainty Type</a>#PublicationBias)</span></p><p><b>classifier</b>: no serious concern <span style="background: LightGoldenRodYellow; margin: 4px; border: 1px solid khaki"> (<a href="CodeSystem-certainty-rating.html">Evidence Certainty Rating</a>#no-concern)</span></p></blockquote></div>
  </text>
  <extension url="https://www.netzwerk-universitaetsmedizin.de/fhir/screen4care/StructureDefinition/ceosys-extension-artifact-assessment-version">
    <valueString value="v4.0"/>
  </extension>
  <extension url="https://www.netzwerk-universitaetsmedizin.de/fhir/screen4care/StructureDefinition/ceosys-extension-artifact-assessment-publication-status">
    <valueCode value="active"/>
  </extension>
  <date value="2020-01-03"/>
  <artifactReference>
    <reference value="Evidence/DexamethasoneOutcomeMortality"/>
  </artifactReference>
  <content>
    <informationType value="rating"/>
    <type>
      <coding>
        <system value="http://hl7.org/fhir/certainty-type"/>
        <code value="Overall"/>
        <display value="Overall certainty"/>
      </coding>
    </type>
    <classifier>
      <coding>
        <system value="http://hl7.org/fhir/certainty-rating"/>
        <code value="moderate"/>
        <display value="Moderate quality"/>
      </coding>
    </classifier>
  </content>
  <content>
    <informationType value="rating"/>
    <type>
      <coding>
        <system value="https://www.netzwerk-universitaetsmedizin.de/fhir/screen4care/CodeSystem/ceosys-code-system"/>
        <code value="clinical-importance"/>
        <display value="Clinical Importance"/>
      </coding>
    </type>
    <classifier>
      <coding>
        <system value="https://www.netzwerk-universitaetsmedizin.de/fhir/screen4care/CodeSystem/cs-clinical-importance"/>
        <code value="9"/>
        <display value="Critical"/>
      </coding>
    </classifier>
  </content>
  <content>
    <informationType value="rating"/>
    <type>
      <coding>
        <system value="http://hl7.org/fhir/certainty-type"/>
        <code value="RiskOfBias"/>
        <display value="Risk of bias"/>
      </coding>
    </type>
    <classifier>
      <coding>
        <system value="http://hl7.org/fhir/certainty-rating"/>
        <code value="serious-concern"/>
        <display value="serious concern"/>
      </coding>
    </classifier>
  </content>
  <content>
    <informationType value="rating"/>
    <type>
      <coding>
        <system value="http://hl7.org/fhir/certainty-type"/>
        <code value="Inconsistency"/>
        <display value="Inconsistency"/>
      </coding>
    </type>
    <classifier>
      <coding>
        <system value="http://hl7.org/fhir/certainty-rating"/>
        <code value="no-concern"/>
        <display value="no serious concern"/>
      </coding>
    </classifier>
  </content>
  <content>
    <informationType value="rating"/>
    <type>
      <coding>
        <system value="http://hl7.org/fhir/certainty-type"/>
        <code value="Indirectness"/>
        <display value="Indirectness"/>
      </coding>
    </type>
    <classifier>
      <coding>
        <system value="http://hl7.org/fhir/certainty-rating"/>
        <code value="no-concern"/>
        <display value="no serious concern"/>
      </coding>
    </classifier>
  </content>
  <content>
    <informationType value="rating"/>
    <type>
      <coding>
        <system value="http://hl7.org/fhir/certainty-type"/>
        <code value="Imprecision"/>
        <display value="Imprecision"/>
      </coding>
    </type>
    <classifier>
      <coding>
        <system value="http://hl7.org/fhir/certainty-rating"/>
        <code value="no-concern"/>
        <display value="no serious concern"/>
      </coding>
    </classifier>
  </content>
  <content>
    <informationType value="rating"/>
    <type>
      <coding>
        <system value="http://hl7.org/fhir/certainty-type"/>
        <code value="PublicationBias"/>
        <display value="Publication bias"/>
      </coding>
    </type>
    <classifier>
      <coding>
        <system value="http://hl7.org/fhir/certainty-rating"/>
        <code value="no-concern"/>
        <display value="no serious concern"/>
      </coding>
    </classifier>
  </content>
</ArtifactAssessment>