<?xml version="1.0" encoding="UTF-8"?>

<ArtifactAssessment xmlns="http://hl7.org/fhir">
  <id value="ExampleRecommendationJustification"/>
  <meta>
    <profile value="https://www.netzwerk-universitaetsmedizin.de/fhir/screen4care/StructureDefinition/recommendation-justification"/>
  </meta>
  <text>
    <status value="extensions"/><div xmlns="http://www.w3.org/1999/xhtml"><p><b>Generated Narrative: ArtifactAssessment</b><a name="ExampleRecommendationJustification"> </a></p><div style="display: inline-block; background-color: #d9e0e7; padding: 6px; margin: 4px; border: 1px solid #8da1b4; border-radius: 5px; line-height: 60%"><p style="margin-bottom: 0px">Resource ArtifactAssessment &quot;ExampleRecommendationJustification&quot; </p><p style="margin-bottom: 0px">Profile: <a href="StructureDefinition-recommendation-justification.html">Recommendation Justification</a></p></div><p><b>ArtifactAssessment Version</b>: 0.1.0</p><p><b>ArtifactAssessment Publication Status</b>: active</p><p><b>date</b>: 2020-01-03</p><p><b>artifact</b>: <a href="PlanDefinition-ExampleRecommendationPlan.html">PlanDefinition/ExampleRecommendationPlan</a> &quot;RecommendationPlan&quot;</p><blockquote><p><b>content</b></p><p><b>informationType</b>: rating</p><p><b>type</b>: Strength of recommendation <span style="background: LightGoldenRodYellow; margin: 4px; border: 1px solid khaki"> (<a href="CodeSystem-ceosys-code-system.html">CEOsys Code System</a>#strength)</span></p><p><b>classifier</b>: Strong for an intervention <span style="background: LightGoldenRodYellow; margin: 4px; border: 1px solid khaki"> (<a href="CodeSystem-ceosys-cs-recommendation-strength.html">Recommendation Strength</a>#strong-for)</span></p></blockquote><blockquote><p><b>content</b></p><p><b>informationType</b>: rating</p><p><b>type</b>: Overall certainty <span style="background: LightGoldenRodYellow; margin: 4px; border: 1px solid khaki"> (<a href="http://hl7.org/fhir/R5/codesystem-certainty-type.html">Evidence Certainty Type</a>#Overall)</span></p><p><b>classifier</b>: Very low quality <span style="background: LightGoldenRodYellow; margin: 4px; border: 1px solid khaki"> (<a href="CodeSystem-certainty-rating.html">Evidence Certainty Rating</a>#very-low)</span></p></blockquote><blockquote><p><b>content</b></p><p><b>informationType</b>: rating</p><p><b>type</b>: Consensus <span style="background: LightGoldenRodYellow; margin: 4px; border: 1px solid khaki"> (<a href="CodeSystem-ceosys-code-system.html">CEOsys Code System</a>#consensus)</span></p><p><b>classifier</b>: Strong <span style="background: LightGoldenRodYellow; margin: 4px; border: 1px solid khaki"> (<a href="http://terminology.hl7.org/5.0.0/CodeSystem-recommendation-strength.html">StrengthOfRecommendationRating</a>#strong)</span></p></blockquote><blockquote><p><b>content</b></p><p><b>informationType</b>: container</p><p><b>type</b>: Certainty of evidence rating <span style="background: LightGoldenRodYellow; margin: 4px; border: 1px solid khaki"> (<a href="CodeSystem-ceosys-code-system.html">CEOsys Code System</a>#certainty-of-evidence-rating)</span></p><h3>RelatedArtifacts</h3><table class="grid"><tr><td style="display: none">-</td><td><b>Type</b></td><td><b>Classifier</b></td><td><b>ResourceReference</b></td></tr><tr><td style="display: none">*</td><td>justification</td><td>Certainty of evidence rating <span style="background: LightGoldenRodYellow; margin: 4px; border: 1px solid khaki"> (<a href="CodeSystem-ceosys-code-system.html">CEOsys Code System</a>#certainty-of-evidence-rating)</span></td><td><a href="ArtifactAssessment-ExampleCertaintyOfEvidenceRating.html">ArtifactAssessment/ExampleCertaintyOfEvidenceRating</a></td></tr></table></blockquote><blockquote><p><b>content</b></p><p><b>informationType</b>: container</p><p><b>type</b>: Net effect <span style="background: LightGoldenRodYellow; margin: 4px; border: 1px solid khaki"> (<a href="CodeSystem-ceosys-code-system.html">CEOsys Code System</a>#net-effect)</span></p><h3>RelatedArtifacts</h3><table class="grid"><tr><td style="display: none">-</td><td><b>Type</b></td><td><b>Classifier</b></td><td><b>ResourceReference</b></td></tr><tr><td style="display: none">*</td><td>supported-with</td><td>Net effect <span style="background: LightGoldenRodYellow; margin: 4px; border: 1px solid khaki"> (<a href="CodeSystem-ceosys-code-system.html">CEOsys Code System</a>#net-effect)</span></td><td><a href="Evidence-ExampleNetEffectEstimate.html">Evidence/ExampleNetEffectEstimate</a> &quot;NetEffectExample&quot;</td></tr></table></blockquote></div>
  </text>
  <extension url="https://www.netzwerk-universitaetsmedizin.de/fhir/screen4care/StructureDefinition/ceosys-extension-artifact-assessment-version">
    <valueString value="0.1.0"/>
  </extension>
  <extension url="https://www.netzwerk-universitaetsmedizin.de/fhir/screen4care/StructureDefinition/ceosys-extension-artifact-assessment-publication-status">
    <valueCode value="active"/>
  </extension>
  <date value="2020-01-03"/>
  <artifactReference>
    <reference value="PlanDefinition/ExampleRecommendationPlan"/>
  </artifactReference>
  <content>
    <informationType value="rating"/>
    <type>
      <coding>
        <system value="https://www.netzwerk-universitaetsmedizin.de/fhir/screen4care/CodeSystem/ceosys-code-system"/>
        <code value="strength"/>
        <display value="Strength of recommendation"/>
      </coding>
    </type>
    <classifier>
      <coding>
        <system value="https://www.netzwerk-universitaetsmedizin.de/fhir/screen4care/CodeSystem/ceosys-cs-recommendation-strength"/>
        <code value="strong-for"/>
      </coding>
    </classifier>
  </content>
  <content>
    <informationType value="rating"/>
    <type>
      <coding>
        <system value="http://hl7.org/fhir/certainty-type"/>
        <code value="Overall"/>
        <display value="Overall certainty"/>
      </coding>
    </type>
    <classifier>
      <coding>
        <system value="http://hl7.org/fhir/certainty-rating"/>
        <code value="very-low"/>
        <display value="Very low quality"/>
      </coding>
    </classifier>
  </content>
  <content>
    <informationType value="rating"/>
    <type>
      <coding>
        <system value="https://www.netzwerk-universitaetsmedizin.de/fhir/screen4care/CodeSystem/ceosys-code-system"/>
        <code value="consensus"/>
        <display value="Consensus"/>
      </coding>
    </type>
    <classifier>
      <coding>
        <system value="http://terminology.hl7.org/CodeSystem/recommendation-strength"/>
        <code value="strong"/>
        <display value="Strong"/>
      </coding>
    </classifier>
  </content>
  <content>
    <informationType value="container"/>
    <type>
      <coding>
        <system value="https://www.netzwerk-universitaetsmedizin.de/fhir/screen4care/CodeSystem/ceosys-code-system"/>
        <code value="certainty-of-evidence-rating"/>
        <display value="Certainty of evidence rating"/>
      </coding>
    </type>
    <relatedArtifact>
      <type value="justification"/>
      <classifier>
        <coding>
          <system value="https://www.netzwerk-universitaetsmedizin.de/fhir/screen4care/CodeSystem/ceosys-code-system"/>
          <code value="certainty-of-evidence-rating"/>
          <display value="Certainty of evidence rating"/>
        </coding>
      </classifier>
      <resourceReference>
        <reference value="ArtifactAssessment/ExampleCertaintyOfEvidenceRating"/>
      </resourceReference>
    </relatedArtifact>
  </content>
  <content>
    <informationType value="container"/>
    <type>
      <coding>
        <system value="https://www.netzwerk-universitaetsmedizin.de/fhir/screen4care/CodeSystem/ceosys-code-system"/>
        <code value="net-effect"/>
        <display value="Net effect"/>
      </coding>
    </type>
    <relatedArtifact>
      <type value="supported-with"/>
      <classifier>
        <coding>
          <system value="https://www.netzwerk-universitaetsmedizin.de/fhir/screen4care/CodeSystem/ceosys-code-system"/>
          <code value="net-effect"/>
          <display value="Net effect"/>
        </coding>
      </classifier>
      <resourceReference>
        <reference value="Evidence/ExampleNetEffectEstimate"/>
      </resourceReference>
    </relatedArtifact>
  </content>
</ArtifactAssessment>