<?xml version="1.0" encoding="UTF-8"?>

<Citation xmlns="http://hl7.org/fhir">
  <id value="DexamethasoneRecommendationCitation"/>
  <meta>
    <profile value="https://www.netzwerk-universitaetsmedizin.de/fhir/screen4care/StructureDefinition/recommendation-citation"/>
  </meta>
  <text>
    <status value="generated"/><div xmlns="http://www.w3.org/1999/xhtml"><p><b>Generated Narrative: Citation</b><a name="DexamethasoneRecommendationCitation"> </a></p><div style="display: inline-block; background-color: #d9e0e7; padding: 6px; margin: 4px; border: 1px solid #8da1b4; border-radius: 5px; line-height: 60%"><p style="margin-bottom: 0px">Resource Citation &quot;DexamethasoneRecommendationCitation&quot; </p><p style="margin-bottom: 0px">Profile: <a href="StructureDefinition-recommendation-citation.html">Recommendation Citation</a></p></div><p><b>url</b>: <code>https://www.netzwerk-universitaetsmedizin.de/fhir/screen4care/Citation/DexamethasoneRecommendationCitation</code></p><p><b>name</b>: DexamethasoneRecommendationCitation</p><p><b>status</b>: active</p><p><b>date</b>: 2023-08-08 08:47:01+0000</p><blockquote><p><b>citedArtifact</b></p><p><b>identifier</b>: id: 98398</p><h3>Versions</h3><table class="grid"><tr><td style="display: none">-</td><td><b>Value</b></td></tr><tr><td style="display: none">*</td><td>v4.0</td></tr></table><p><b>currentState</b>: Active <span style="background: LightGoldenRodYellow; margin: 4px; border: 1px solid khaki"> (<a href="http://hl7.org/fhir/R5/codesystem-cited-artifact-status-type.html">Cited Artifact Status Type</a>#active)</span></p><h3>Titles</h3><table class="grid"><tr><td style="display: none">-</td><td><b>Text</b></td></tr><tr><td style="display: none">*</td><td>Steroide</td></tr></table><h3>Classifications</h3><table class="grid"><tr><td style="display: none">-</td><td><b>Type</b></td><td><b>Classifier</b></td></tr><tr><td style="display: none">*</td><td>Publication Type <span style="background: LightGoldenRodYellow; margin: 4px; border: 1px solid khaki"> (<a href="http://hl7.org/fhir/R5/codesystem-cited-artifact-classification-type.html">Cited Artifact Classification Type</a>#publication-type)</span></td><td>Clinical practice guideline recommendation <span style="background: LightGoldenRodYellow; margin: 4px; border: 1px solid khaki"> (<a href="CodeSystem-ceosys-code-system.html">CEOsys Code System</a>#guideline-recommendation)</span></td></tr></table></blockquote></div>
  </text>
  <url value="https://www.netzwerk-universitaetsmedizin.de/fhir/screen4care/Citation/DexamethasoneRecommendationCitation"/>
  <name value="DexamethasoneRecommendationCitation"/>
  <status value="active"/>
  <date value="2023-08-08T08:47:01+00:00"/>
  <citedArtifact>
    <identifier>
      <system value="https://api.magicapp.org/api/v1/recommendations"/>
      <value value="98398"/>
    </identifier>
    <version>
      <value value="v4.0"/>
    </version>
    <currentState>
      <coding>
        <system value="http://hl7.org/fhir/cited-artifact-status-type"/>
        <code value="active"/>
        <display value="Active"/>
      </coding>
    </currentState>
    <title>
      <text value="Steroide"/>
    </title>
    <classification>
      <type>
        <coding>
          <system value="http://hl7.org/fhir/cited-artifact-classification-type"/>
          <code value="publication-type"/>
          <display value="Publication Type"/>
        </coding>
      </type>
      <classifier>
        <coding>
          <system value="https://www.netzwerk-universitaetsmedizin.de/fhir/screen4care/CodeSystem/ceosys-code-system"/>
          <code value="guideline-recommendation"/>
          <display value="Clinical practice guideline recommendation"/>
        </coding>
      </classifier>
    </classification>
  </citedArtifact>
</Citation>