<?xml version="1.0" encoding="UTF-8"?>

<CodeSystem xmlns="http://hl7.org/fhir">
  <id value="ceosys-code-system"/>
  <meta>
    <profile value="http://hl7.org/fhir/uv/cpg/StructureDefinition/cpg-shareablecodesystem"/>
  </meta>
  <text>
    <status value="generated"/><div xmlns="http://www.w3.org/1999/xhtml"><p>This code system <code>https://www.netzwerk-universitaetsmedizin.de/fhir/screen4care/CodeSystem/ceosys-code-system</code> defines the following codes:</p><table class="codes"><tr><td style="white-space:nowrap"><b>Code</b></td><td><b>Display</b></td></tr><tr><td style="white-space:nowrap">relative-importance-weighting<a name="ceosys-code-system-relative-importance-weighting"> </a></td><td>Relative importance weighting for use in weighted linear combinations</td></tr><tr><td style="white-space:nowrap">clinical-practice-guideline<a name="ceosys-code-system-clinical-practice-guideline"> </a></td><td>Clinical practice guideline</td></tr><tr><td style="white-space:nowrap">guideline-recommendation<a name="ceosys-code-system-guideline-recommendation"> </a></td><td>Clinical practice guideline recommendation</td></tr><tr><td style="white-space:nowrap">consensus<a name="ceosys-code-system-consensus"> </a></td><td>Consensus</td></tr><tr><td style="white-space:nowrap">strength<a name="ceosys-code-system-strength"> </a></td><td>Strength of recommendation</td></tr><tr><td style="white-space:nowrap">eligibility-criteria<a name="ceosys-code-system-eligibility-criteria"> </a></td><td>Study Eligibility Criteria</td></tr><tr><td style="white-space:nowrap">net-effect<a name="ceosys-code-system-net-effect"> </a></td><td>Net effect</td></tr><tr><td style="white-space:nowrap">certainty-of-evidence-rating<a name="ceosys-code-system-certainty-of-evidence-rating"> </a></td><td>Certainty of evidence rating</td></tr><tr><td style="white-space:nowrap">recommendation-rating<a name="ceosys-code-system-recommendation-rating"> </a></td><td>Recommendation rating</td></tr><tr><td style="white-space:nowrap">clinical-importance<a name="ceosys-code-system-clinical-importance"> </a></td><td>Clinical Importance</td></tr></table></div>
  </text>
  <extension url="http://hl7.org/fhir/uv/cpg/StructureDefinition/cpg-knowledgeCapability">
    <valueCode value="shareable"/>
  </extension>
  <extension url="http://hl7.org/fhir/uv/cpg/StructureDefinition/cpg-knowledgeCapability">
    <valueCode value="computable"/>
  </extension>
  <extension url="http://hl7.org/fhir/uv/cpg/StructureDefinition/cpg-knowledgeCapability">
    <valueCode value="publishable"/>
  </extension>
  <extension url="http://hl7.org/fhir/uv/cpg/StructureDefinition/cpg-knowledgeRepresentationLevel">
    <valueCode value="structured"/>
  </extension>
  <url value="https://www.netzwerk-universitaetsmedizin.de/fhir/screen4care/CodeSystem/ceosys-code-system"/>
  <version value="0.1.1"/>
  <name value="CEOsysCodeSystem"/>
  <title value="CEOsys Code System"/>
  <status value="draft"/>
  <date value="2022-09-06"/>
  <publisher value="Netzwerk Universitätsmedizin (NUM)"/>
  <contact>
    <telecom>
      <system value="url"/>
      <value value="https://www.netzwerk-universitaetsmedizin.de"/>
    </telecom>
  </contact>
  <description value="Codes for clinical guideline recommendation representation missing from other code systems."/>
  <content value="complete"/>
  <count value="10"/>
  <concept>
    <code value="relative-importance-weighting"/>
    <display value="Relative importance weighting for use in weighted linear combinations"/>
  </concept>
  <concept>
    <code value="clinical-practice-guideline"/>
    <display value="Clinical practice guideline"/>
  </concept>
  <concept>
    <code value="guideline-recommendation"/>
    <display value="Clinical practice guideline recommendation"/>
  </concept>
  <concept>
    <code value="consensus"/>
    <display value="Consensus"/>
  </concept>
  <concept>
    <code value="strength"/>
    <display value="Strength of recommendation"/>
  </concept>
  <concept>
    <code value="eligibility-criteria"/>
    <display value="Study Eligibility Criteria"/>
  </concept>
  <concept>
    <code value="net-effect"/>
    <display value="Net effect"/>
  </concept>
  <concept>
    <code value="certainty-of-evidence-rating"/>
    <display value="Certainty of evidence rating"/>
  </concept>
  <concept>
    <code value="recommendation-rating"/>
    <display value="Recommendation rating"/>
  </concept>
  <concept>
    <code value="clinical-importance"/>
    <display value="Clinical Importance"/>
  </concept>
</CodeSystem>