<?xml version="1.0" encoding="UTF-8"?>

<EvidenceVariable xmlns="http://hl7.org/fhir">
  <id value="PopulationCOVID19NonVentilated"/>
  <meta>
    <profile value="https://www.netzwerk-universitaetsmedizin.de/fhir/screen4care/StructureDefinition/recommendation-eligibility-criteria"/>
  </meta>
  <text>
    <status value="generated"/><div xmlns="http://www.w3.org/1999/xhtml"><p><b>Generated Narrative: EvidenceVariable</b><a name="PopulationCOVID19NonVentilated"> </a></p><div style="display: inline-block; background-color: #d9e0e7; padding: 6px; margin: 4px; border: 1px solid #8da1b4; border-radius: 5px; line-height: 60%"><p style="margin-bottom: 0px">Resource EvidenceVariable &quot;PopulationCOVID19NonVentilated&quot; </p><p style="margin-bottom: 0px">Profile: <a href="StructureDefinition-recommendation-eligibility-criteria.html">Recommendation Eligibility Criteria</a></p></div><p><b>url</b>: <code>https://www.netzwerk-universitaetsmedizin.de/fhir/cpg-on-ebm-on-fhir/example/population/Population_COVID19_NonVentilated</code></p><p><b>identifier</b>: id: NonVentilated</p><p><b>name</b>: Population_COVID19_NonVentilated</p><p><b>status</b>: active</p><p><b>date</b>: 2023-08-08 08:47:01+0000</p><p><b>description</b>: Population for guideline from https://app.magicapp.org/#/guidelines / 5691 with characteristics: COVID-19, not ventilated</p><blockquote><p><b>characteristic</b></p><p><b>linkId</b>: covid19</p><p><b>exclude</b>: false</p><h3>DefinitionByTypeAndValues</h3><table class="grid"><tr><td style="display: none">-</td><td><b>Type</b></td><td><b>Value[x]</b></td></tr><tr><td style="display: none">*</td><td>Clinical finding (finding) <span style="background: LightGoldenRodYellow; margin: 4px; border: 1px solid khaki"> (<a href="https://browser.ihtsdotools.org/">SNOMED CT</a>#404684003)</span></td><td>Disease caused by Severe acute respiratory syndrome coronavirus 2 (disorder) <span style="background: LightGoldenRodYellow; margin: 4px; border: 1px solid khaki"> (<a href="https://browser.ihtsdotools.org/">SNOMED CT</a>#840539006)</span></td></tr></table></blockquote><blockquote><p><b>characteristic</b></p><p><b>exclude</b>: true</p><blockquote><p><b>definitionByCombination</b></p><p><b>code</b>: any-of</p><blockquote><p><b>characteristic</b></p><p><b>linkId</b>: oxy-administration-nasal-cannula</p><p><b>exclude</b>: false</p><blockquote><p><b>definitionByTypeAndValue</b></p></blockquote><blockquote><p><b>timeFromEvent</b></p></blockquote></blockquote><blockquote><p><b>characteristic</b></p><p><b>linkId</b>: noninvasive-ventilation</p><p><b>exclude</b>: false</p><blockquote><p><b>definitionByTypeAndValue</b></p></blockquote><blockquote><p><b>timeFromEvent</b></p></blockquote></blockquote><blockquote><p><b>characteristic</b></p><p><b>linkId</b>: artificial-respiration</p><p><b>exclude</b>: false</p><blockquote><p><b>definitionByTypeAndValue</b></p></blockquote><blockquote><p><b>timeFromEvent</b></p></blockquote></blockquote></blockquote></blockquote></div>
  </text>
  <url value="https://www.netzwerk-universitaetsmedizin.de/fhir/cpg-on-ebm-on-fhir/example/population/Population_COVID19_NonVentilated"/>
  <identifier>
    <system value="https://www.ceosys.de"/>
    <value value="NonVentilated"/>
  </identifier>
  <name value="Population_COVID19_NonVentilated"/>
  <status value="active"/>
  <date value="2023-08-08T08:47:01+00:00"/>
  <description value="Population for guideline from https://app.magicapp.org/#/guidelines / 5691 with characteristics: COVID-19, not ventilated"/>
  <characteristic>
    <linkId value="covid19"/>
    <exclude value="false"/>
    <definitionByTypeAndValue>
      <type>
        <coding>
          <system value="http://snomed.info/sct"/>
          <code value="404684003"/>
          <display value="Clinical finding (finding)"/>
        </coding>
      </type>
      <valueCodeableConcept>
        <coding>
          <system value="http://snomed.info/sct"/>
          <code value="840539006"/>
          <display value="Disease caused by Severe acute respiratory syndrome coronavirus 2 (disorder)"/>
        </coding>
      </valueCodeableConcept>
    </definitionByTypeAndValue>
  </characteristic>
  <characteristic>
    <exclude value="true"/>
    <definitionByCombination>
      <code value="any-of"/>
      <characteristic>
        <linkId value="oxy-administration-nasal-cannula"/>
        <exclude value="false"/>
        <definitionByTypeAndValue>
          <type>
            <coding>
              <system value="http://snomed.info/sct"/>
              <code value="71388002"/>
              <display value="Procedure (procedure)"/>
            </coding>
          </type>
          <valueCodeableConcept>
            <coding>
              <system value="http://snomed.info/sct"/>
              <code value="371907003"/>
              <display value="Oxygen administration by nasal cannula (procedure)"/>
            </coding>
          </valueCodeableConcept>
        </definitionByTypeAndValue>
        <timeFromEvent>
          <eventId value="covid19"/>
          <quantity>
            <value value="0"/>
            <system value="http://unitsofmeasure.org"/>
            <code value="d"/>
          </quantity>
        </timeFromEvent>
      </characteristic>
      <characteristic>
        <linkId value="noninvasive-ventilation"/>
        <exclude value="false"/>
        <definitionByTypeAndValue>
          <type>
            <coding>
              <system value="http://snomed.info/sct"/>
              <code value="71388002"/>
              <display value="Procedure (procedure)"/>
            </coding>
          </type>
          <valueCodeableConcept>
            <coding>
              <system value="http://snomed.info/sct"/>
              <code value="428311008"/>
              <display value="Non-invasive ventilation (regime/therapy)"/>
            </coding>
          </valueCodeableConcept>
        </definitionByTypeAndValue>
        <timeFromEvent>
          <eventId value="covid19"/>
          <quantity>
            <value value="0"/>
            <system value="http://unitsofmeasure.org"/>
            <code value="d"/>
          </quantity>
        </timeFromEvent>
      </characteristic>
      <characteristic>
        <linkId value="artificial-respiration"/>
        <exclude value="false"/>
        <definitionByTypeAndValue>
          <type>
            <coding>
              <system value="http://snomed.info/sct"/>
              <code value="71388002"/>
              <display value="Procedure (procedure)"/>
            </coding>
          </type>
          <valueCodeableConcept>
            <coding>
              <system value="http://snomed.info/sct"/>
              <code value="40617009"/>
              <display value="Artificial respiration (procedure)"/>
            </coding>
          </valueCodeableConcept>
        </definitionByTypeAndValue>
        <timeFromEvent>
          <eventId value="covid19"/>
          <quantity>
            <value value="0"/>
            <system value="http://unitsofmeasure.org"/>
            <code value="d"/>
          </quantity>
        </timeFromEvent>
      </characteristic>
    </definitionByCombination>
  </characteristic>
</EvidenceVariable>