<?xml version="1.0" encoding="UTF-8"?>

<Evidence xmlns="http://hl7.org/fhir">
  <id value="ExampleOutcomeEvidenceSynthesis"/>
  <meta>
    <profile value="https://www.netzwerk-universitaetsmedizin.de/fhir/screen4care/StructureDefinition/outcome-evidence-synthesis"/>
  </meta>
  <text>
    <status value="generated"/><div xmlns="http://www.w3.org/1999/xhtml"><p><b>Generated Narrative: Evidence</b><a name="ExampleOutcomeEvidenceSynthesis"> </a></p><div style="display: inline-block; background-color: #d9e0e7; padding: 6px; margin: 4px; border: 1px solid #8da1b4; border-radius: 5px; line-height: 60%"><p style="margin-bottom: 0px">Resource Evidence &quot;ExampleOutcomeEvidenceSynthesis&quot; </p><p style="margin-bottom: 0px">Profile: <a href="StructureDefinition-outcome-evidence-synthesis.html">Outcome Evidence Synthesis</a></p></div><p><b>url</b>: <code>https://www.netzwerk-universitaetsmedizin.de/fhir/screen4care/Evidence/ExampleOutcomeEvidenceSynthesis</code></p><p><b>name</b>: ExampleOutcomeEvidenceSynthesis</p><p><b>status</b>: active</p><p><b>date</b>: 2023-08-08 08:47:01+0000</p><h3>RelatedArtifacts</h3><table class="grid"><tr><td style="display: none">-</td><td><b>Type</b></td><td><b>ResourceReference</b></td></tr><tr><td style="display: none">*</td><td>citation</td><td><a href="Citation-ExampleStudyCitation.html">Citation/ExampleStudyCitation</a> &quot;ExampleCitation&quot;</td></tr></table><blockquote><p><b>variableDefinition</b></p><p><b>variableRole</b>: population <span style="background: LightGoldenRodYellow; margin: 4px; border: 1px solid khaki"> (<a href="http://terminology.hl7.org/5.0.0/CodeSystem-variable-role.html">EvidenceVariableRole</a>#population)</span></p><p><b>observed</b>: <a href="Group-ExampleEvidenceSynthesisCohorts.html">Group/ExampleEvidenceSynthesisCohorts</a></p><p><b>intended</b>: <a href="EvidenceVariable-ExampleStudyEligibilityCriteria.html">EvidenceVariable/ExampleStudyEligibilityCriteria</a> &quot;ExampleStudyEligibilityCriteria&quot;</p></blockquote><blockquote><p><b>variableDefinition</b></p><p><b>variableRole</b>: measured variable <span style="background: LightGoldenRodYellow; margin: 4px; border: 1px solid khaki"> (<a href="http://terminology.hl7.org/5.0.0/CodeSystem-variable-role.html">EvidenceVariableRole</a>#measuredVariable)</span></p><p><b>observed</b>: <a href="EvidenceVariable-ExampleOutcome.html">EvidenceVariable/ExampleOutcome</a> &quot;Mortality&quot;</p></blockquote><p><b>synthesisType</b>: not applicable <span style="background: LightGoldenRodYellow; margin: 4px; border: 1px solid khaki"> (<a href="CodeSystem-synthesis-type.html">SynthesisType</a>#NotApplicable)</span></p></div>
  </text>
  <url value="https://www.netzwerk-universitaetsmedizin.de/fhir/screen4care/Evidence/ExampleOutcomeEvidenceSynthesis"/>
  <name value="ExampleOutcomeEvidenceSynthesis"/>
  <status value="active"/>
  <date value="2023-08-08T08:47:01+00:00"/>
  <relatedArtifact>
    <type value="citation"/>
    <resourceReference>
      <reference value="Citation/ExampleStudyCitation"/>
    </resourceReference>
  </relatedArtifact>
  <variableDefinition>
    <variableRole>
      <coding>
        <system value="http://terminology.hl7.org/CodeSystem/variable-role"/>
        <code value="population"/>
      </coding>
    </variableRole>
    <observed>
      <reference value="Group/ExampleEvidenceSynthesisCohorts"/>
    </observed>
    <intended>
      <reference value="EvidenceVariable/ExampleStudyEligibilityCriteria"/>
    </intended>
  </variableDefinition>
  <variableDefinition>
    <variableRole>
      <coding>
        <system value="http://terminology.hl7.org/CodeSystem/variable-role"/>
        <code value="measuredVariable"/>
      </coding>
    </variableRole>
    <observed>
      <reference value="EvidenceVariable/ExampleOutcome"/>
    </observed>
  </variableDefinition>
  <synthesisType>
    <coding>
      <system value="http://terminology.hl7.org/CodeSystem/synthesis-type"/>
      <code value="NotApplicable"/>
    </coding>
  </synthesisType>
</Evidence>