<?xml version="1.0" encoding="UTF-8"?>

<EvidenceVariable xmlns="http://hl7.org/fhir">
  <id value="OutcomeAllCauseMortality"/>
  <meta>
    <profile value="https://www.netzwerk-universitaetsmedizin.de/fhir/screen4care/StructureDefinition/outcome-definition"/>
  </meta>
  <text>
    <status value="generated"/><div xmlns="http://www.w3.org/1999/xhtml"><p><b>Generated Narrative: EvidenceVariable</b><a name="OutcomeAllCauseMortality"> </a></p><div style="display: inline-block; background-color: #d9e0e7; padding: 6px; margin: 4px; border: 1px solid #8da1b4; border-radius: 5px; line-height: 60%"><p style="margin-bottom: 0px">Resource EvidenceVariable &quot;OutcomeAllCauseMortality&quot; </p><p style="margin-bottom: 0px">Profile: <a href="StructureDefinition-outcome-definition.html">Outcome Definition</a></p></div><p><b>url</b>: <code>https://www.netzwerk-universitaetsmedizin.de/fhir/screen4care/EvidenceVariable/OutcomeAllCauseMortality</code></p><p><b>name</b>: AllCauseMortality</p><p><b>status</b>: active</p><p><b>date</b>: 2023-08-08 08:47:01+0000</p><h3>Characteristics</h3><table class="grid"><tr><td style="display: none">-</td><td><b>Exclude</b></td><td><b>DefinitionCodeableConcept</b></td></tr><tr><td style="display: none">*</td><td>false</td><td>Mortality rate (observable entity) <span style="background: LightGoldenRodYellow; margin: 4px; border: 1px solid khaki"> (<a href="https://browser.ihtsdotools.org/">SNOMED CT</a>#409651001)</span></td></tr></table><p><b>handling</b>: dichotomous</p></div>
  </text>
  <url value="https://www.netzwerk-universitaetsmedizin.de/fhir/screen4care/EvidenceVariable/OutcomeAllCauseMortality"/>
  <name value="AllCauseMortality"/>
  <status value="active"/>
  <date value="2023-08-08T08:47:01+00:00"/>
  <characteristic>
    <exclude value="false"/>
    <definitionCodeableConcept>
      <coding>
        <system value="http://snomed.info/sct"/>
        <code value="409651001"/>
        <display value="Mortality rate (observable entity)"/>
      </coding>
    </definitionCodeableConcept>
  </characteristic>
  <handling value="dichotomous"/>
</EvidenceVariable>