<?xml version="1.0" encoding="UTF-8"?>

<Group xmlns="http://hl7.org/fhir">
  <id value="ExampleEvidenceSynthesisCohorts"/>
  <meta>
    <profile value="https://www.netzwerk-universitaetsmedizin.de/fhir/screen4care/StructureDefinition/evidence-synthesis-cohorts"/>
  </meta>
  <text>
    <status value="generated"/><div xmlns="http://www.w3.org/1999/xhtml"><p><b>Generated Narrative: Group</b><a name="ExampleEvidenceSynthesisCohorts"> </a></p><div style="display: inline-block; background-color: #d9e0e7; padding: 6px; margin: 4px; border: 1px solid #8da1b4; border-radius: 5px; line-height: 60%"><p style="margin-bottom: 0px">Resource Group &quot;ExampleEvidenceSynthesisCohorts&quot; </p><p style="margin-bottom: 0px">Profile: <a href="StructureDefinition-evidence-synthesis-cohorts.html">Evidence Synthesis Cohorts</a></p></div><p><b>type</b>: person</p><p><b>membership</b>: definitional</p><p><b>quantity</b>: 20</p><h3>Members</h3><table class="grid"><tr><td style="display: none">-</td><td><b>Entity</b></td></tr><tr><td style="display: none">*</td><td><a href="Group-ExampleStudyCohort.html">Group/ExampleStudyCohort</a></td></tr></table></div>
  </text>
  <type value="person"/>
  <membership value="definitional"/>
  <quantity value="20"/>
  <member>
    <entity>
      <reference value="Group/ExampleStudyCohort"/>
    </entity>
  </member>
</Group>