<?xml version="1.0" encoding="UTF-8"?>

<PlanDefinition xmlns="http://hl7.org/fhir">
  <id value="COVID19VentilatedPatientsDexamethasoneApplicationPlan"/>
  <meta>
    <profile value="https://www.netzwerk-universitaetsmedizin.de/fhir/screen4care/StructureDefinition/recommendation-plan"/>
  </meta>
  <text>
    <status value="extensions"/><div xmlns="http://www.w3.org/1999/xhtml"><p><b>Generated Narrative: PlanDefinition</b><a name="COVID19VentilatedPatientsDexamethasoneApplicationPlan"> </a></p><div style="display: inline-block; background-color: #d9e0e7; padding: 6px; margin: 4px; border: 1px solid #8da1b4; border-radius: 5px; line-height: 60%"><p style="margin-bottom: 0px">Resource PlanDefinition &quot;COVID19VentilatedPatientsDexamethasoneApplicationPlan&quot; </p><p style="margin-bottom: 0px">Profile: <a href="StructureDefinition-recommendation-plan.html">Recommendation Plan</a></p></div><p><b>knowledgeCapability</b>: computable</p><p><b>knowledgeRepresentationLevel</b>: structured</p><p><b>partOf</b>: <a href="PlanDefinition-COVID19DexamethasoneApplication.html">Dexamethasone Application</a></p><p><b>url</b>: <code>https://www.netzwerk-universitaetsmedizin.de/fhir/cpg-on-ebm-on-fhir/example/covid19-ventilated-patients-dexamethasone-application-plan</code></p><p><b>version</b>: 4.0</p><p><b>name</b>: Dexamethasone_Application</p><p><b>title</b>: Dexamethasone Application in ventilated COVID-19 patients</p><p><b>type</b>: ECA Rule <span style="background: LightGoldenRodYellow; margin: 4px; border: 1px solid khaki"> (<a href="http://terminology.hl7.org/5.0.0/CodeSystem-plan-definition-type.html">PlanDefinitionType</a>#eca-rule)</span></p><p><b>status</b>: active</p><p><b>experimental</b>: true</p><p><b>subject</b>: <a href="EvidenceVariable-PopulationCOVID19Ventilated.html">Population_COVID19_Ventilated</a></p><p><b>date</b>: 2021-12-12</p><p><b>publisher</b>: CPGonEBMonFHIR</p><p><b>description</b>: Application of Dexamethasone: 6 mg once per day for 10 days p.o. or i.v. for ventilated COVID-19 patients</p><blockquote><p><b>action</b></p><p><b>code</b>: Administration of substance (procedure) <span style="background: LightGoldenRodYellow; margin: 4px; border: 1px solid khaki"> (<a href="https://browser.ihtsdotools.org/">SNOMED CT</a>#432102000)</span></p><p><b>selectionBehavior</b>: exactly-one</p><p><b>definition</b>: <a href="ActivityDefinition-DexamethasoneApplicationActionOral.html">DexamethasoneApplicationActionOral</a></p></blockquote><blockquote><p><b>action</b></p><p><b>code</b>: Administration of substance (procedure) <span style="background: LightGoldenRodYellow; margin: 4px; border: 1px solid khaki"> (<a href="https://browser.ihtsdotools.org/">SNOMED CT</a>#432102000)</span></p><p><b>selectionBehavior</b>: exactly-one</p><p><b>definition</b>: <a href="ActivityDefinition-DexamethasoneApplicationActionIntravenous.html">DexamethasoneApplicationActionIntravenous</a></p></blockquote></div>
  </text>
  <extension url="http://hl7.org/fhir/uv/cpg/StructureDefinition/cpg-knowledgeCapability">
    <valueCode value="computable"/>
  </extension>
  <extension url="http://hl7.org/fhir/uv/cpg/StructureDefinition/cpg-knowledgeRepresentationLevel">
    <valueCode value="structured"/>
  </extension>
  <extension url="http://hl7.org/fhir/uv/cpg/StructureDefinition/cpg-partOf">
    <valueCanonical value="https://www.netzwerk-universitaetsmedizin.de/fhir/cpg-on-ebm-on-fhir/example/covid19-dexamethasone-recommendation"/>
  </extension>
  <url value="https://www.netzwerk-universitaetsmedizin.de/fhir/cpg-on-ebm-on-fhir/example/covid19-ventilated-patients-dexamethasone-application-plan"/>
  <version value="4.0"/>
  <name value="Dexamethasone_Application"/>
  <title value="Dexamethasone Application in ventilated COVID-19 patients"/>
  <type>
    <coding>
      <system value="http://terminology.hl7.org/CodeSystem/plan-definition-type"/>
      <code value="eca-rule"/>
    </coding>
  </type>
  <status value="active"/>
  <experimental value="true"/>
  <subjectCanonical value="https://www.netzwerk-universitaetsmedizin.de/fhir/cpg-on-ebm-on-fhir/example/population/Population_COVID19_Ventilated"/>
  <date value="2021-12-12"/>
  <publisher value="CPGonEBMonFHIR"/>
  <description value="Application of Dexamethasone: 6 mg once per day for 10 days p.o. or i.v. for ventilated COVID-19 patients"/>
  <action>
    <code>
      <coding>
        <system value="http://snomed.info/sct"/>
        <code value="432102000"/>
        <display value="Administration of substance (procedure)"/>
      </coding>
    </code>
    <selectionBehavior value="exactly-one"/>
    <definitionCanonical value="https://www.netzwerk-universitaetsmedizin.de/fhir/cpg-on-ebm-on-fhir/example/recommendation-action/dexamethasone-application-oral"/>
  </action>
  <action>
    <code>
      <coding>
        <system value="http://snomed.info/sct"/>
        <code value="432102000"/>
        <display value="Administration of substance (procedure)"/>
      </coding>
    </code>
    <selectionBehavior value="exactly-one"/>
    <definitionCanonical value="https://www.netzwerk-universitaetsmedizin.de/fhir/cpg-on-ebm-on-fhir/example/recommendation-action/dexamethasone-application-intravenous"/>
  </action>
</PlanDefinition>