<?xml version="1.0" encoding="UTF-8"?>

<PlanDefinition xmlns="http://hl7.org/fhir">
  <id value="ExampleRecommendation"/>
  <meta>
    <profile value="https://www.netzwerk-universitaetsmedizin.de/fhir/screen4care/StructureDefinition/recommendation"/>
  </meta>
  <text>
    <status value="extensions"/><div xmlns="http://www.w3.org/1999/xhtml"><p><b>Generated Narrative: PlanDefinition</b><a name="ExampleRecommendation"> </a></p><div style="display: inline-block; background-color: #d9e0e7; padding: 6px; margin: 4px; border: 1px solid #8da1b4; border-radius: 5px; line-height: 60%"><p style="margin-bottom: 0px">Resource PlanDefinition &quot;ExampleRecommendation&quot; </p><p style="margin-bottom: 0px">Profile: <a href="StructureDefinition-recommendation.html">Recommendation</a></p></div><p><b>knowledgeCapability</b>: computable</p><p><b>knowledgeRepresentationLevel</b>: structured</p><p><b>url</b>: <code>https://www.netzwerk-universitaetsmedizin.de/fhir/cpg-on-ebm-on-fhir/example/recommendation-plan/example-recommendation</code></p><p><b>version</b>: 1.0</p><p><b>name</b>: Recommendation</p><p><b>title</b>: Recommendation</p><p><b>type</b>: Workflow Definition <span style="background: LightGoldenRodYellow; margin: 4px; border: 1px solid khaki"> (<a href="http://terminology.hl7.org/5.0.0/CodeSystem-plan-definition-type.html">PlanDefinitionType</a>#workflow-definition)</span></p><p><b>status</b>: active</p><p><b>experimental</b>: true</p><p><b>date</b>: 2022-02-14</p><p><b>publisher</b>: CPGonEBMonFHIR</p><p><b>description</b>: Example Recommendation</p><h3>RelatedArtifacts</h3><table class="grid"><tr><td style="display: none">-</td><td><b>Type</b></td><td><b>Classifier</b></td><td><b>ResourceReference</b></td></tr><tr><td style="display: none">*</td><td>justification</td><td>Recommendation rating <span style="background: LightGoldenRodYellow; margin: 4px; border: 1px solid khaki"> (<a href="CodeSystem-ceosys-code-system.html">CEOsys Code System</a>#recommendation-rating)</span></td><td><a href="ArtifactAssessment-ExampleRecommendationJustification.html">ArtifactAssessment/ExampleRecommendationJustification</a></td></tr><tr><td style="display: none">*</td><td>citation</td><td>Clinical practice guideline recommendation <span style="background: LightGoldenRodYellow; margin: 4px; border: 1px solid khaki"> (<a href="CodeSystem-ceosys-code-system.html">CEOsys Code System</a>#guideline-recommendation)</span></td><td><a href="Citation-ExampleRecommendationCitation.html">Citation/ExampleRecommendationCitation</a> &quot;ExampleRecommendationCitation&quot;</td></tr><tr><td style="display: none">*</td><td>citation</td><td>Clinical practice guideline <span style="background: LightGoldenRodYellow; margin: 4px; border: 1px solid khaki"> (<a href="CodeSystem-ceosys-code-system.html">CEOsys Code System</a>#clinical-practice-guideline)</span></td><td><a href="Citation-ExampleGuidelineCitation.html">Citation/ExampleGuidelineCitation</a> &quot;ExampleGuidelineCitation&quot;</td></tr></table><blockquote><p><b>action</b></p><p><b>title</b>: example recommendation</p><p><b>description</b>: Example recommendation</p><p><b>code</b>: Guideline-based Care <span style="background: LightGoldenRodYellow; margin: 4px; border: 1px solid khaki"> (<a href="http://hl7.org/fhir/uv/cpg/STU1/CodeSystem-cpg-common-process.html">CPG Common Process</a>#guideline-based-care)</span></p><p><b>selectionBehavior</b>: all</p><p><b>definition</b>: <a href="PlanDefinition-ExampleRecommendationPlan.html">Recommendation Plan</a></p></blockquote><blockquote><p><b>action</b></p><p><b>title</b>: example recommendation</p><p><b>description</b>: Example recommendation</p><p><b>code</b>: Guideline-based Care <span style="background: LightGoldenRodYellow; margin: 4px; border: 1px solid khaki"> (<a href="http://hl7.org/fhir/uv/cpg/STU1/CodeSystem-cpg-common-process.html">CPG Common Process</a>#guideline-based-care)</span></p><p><b>selectionBehavior</b>: all</p><p><b>definition</b>: <a href="PlanDefinition-ExampleRecommendationPlan.html">Recommendation Plan</a></p></blockquote></div>
  </text>
  <extension url="http://hl7.org/fhir/uv/cpg/StructureDefinition/cpg-knowledgeCapability">
    <valueCode value="computable"/>
  </extension>
  <extension url="http://hl7.org/fhir/uv/cpg/StructureDefinition/cpg-knowledgeRepresentationLevel">
    <valueCode value="structured"/>
  </extension>
  <url value="https://www.netzwerk-universitaetsmedizin.de/fhir/cpg-on-ebm-on-fhir/example/recommendation-plan/example-recommendation"/>
  <version value="1.0"/>
  <name value="Recommendation"/>
  <title value="Recommendation"/>
  <type>
    <coding>
      <system value="http://terminology.hl7.org/CodeSystem/plan-definition-type"/>
      <code value="workflow-definition"/>
    </coding>
  </type>
  <status value="active"/>
  <experimental value="true"/>
  <date value="2022-02-14"/>
  <publisher value="CPGonEBMonFHIR"/>
  <description value="Example Recommendation"/>
  <relatedArtifact>
    <type value="justification"/>
    <classifier>
      <coding>
        <system value="https://www.netzwerk-universitaetsmedizin.de/fhir/screen4care/CodeSystem/ceosys-code-system"/>
        <code value="recommendation-rating"/>
        <display value="Recommendation rating"/>
      </coding>
    </classifier>
    <resourceReference>
      <reference value="ArtifactAssessment/ExampleRecommendationJustification"/>
    </resourceReference>
  </relatedArtifact>
  <relatedArtifact>
    <type value="citation"/>
    <classifier>
      <coding>
        <system value="https://www.netzwerk-universitaetsmedizin.de/fhir/screen4care/CodeSystem/ceosys-code-system"/>
        <code value="guideline-recommendation"/>
        <display value="Clinical practice guideline recommendation"/>
      </coding>
    </classifier>
    <resourceReference>
      <reference value="Citation/ExampleRecommendationCitation"/>
    </resourceReference>
  </relatedArtifact>
  <relatedArtifact>
    <type value="citation"/>
    <classifier>
      <coding>
        <system value="https://www.netzwerk-universitaetsmedizin.de/fhir/screen4care/CodeSystem/ceosys-code-system"/>
        <code value="clinical-practice-guideline"/>
        <display value="Clinical practice guideline"/>
      </coding>
    </classifier>
    <resourceReference>
      <reference value="Citation/ExampleGuidelineCitation"/>
    </resourceReference>
  </relatedArtifact>
  <action>
    <title value="example recommendation"/>
    <description value="Example recommendation"/>
    <code>
      <coding>
        <system value="http://hl7.org/fhir/uv/cpg/CodeSystem/cpg-common-process"/>
        <code value="guideline-based-care"/>
      </coding>
    </code>
    <selectionBehavior value="all"/>
    <definitionCanonical value="https://www.netzwerk-universitaetsmedizin.de/fhir/cpg-on-ebm-on-fhir/example/recommendation-plan/example-recommendation-plan"/>
  </action>
  <action>
    <title value="example recommendation"/>
    <description value="Example recommendation"/>
    <code>
      <coding>
        <system value="http://hl7.org/fhir/uv/cpg/CodeSystem/cpg-common-process"/>
        <code value="guideline-based-care"/>
      </coding>
    </code>
    <selectionBehavior value="all"/>
    <definitionCanonical value="https://www.netzwerk-universitaetsmedizin.de/fhir/cpg-on-ebm-on-fhir/example/recommendation-plan/example-recommendation-plan"/>
  </action>
</PlanDefinition>