<?xml version="1.0" encoding="UTF-8"?>

<PlanDefinition xmlns="http://hl7.org/fhir">
  <id value="COVID19DexamethasoneApplication"/>
  <meta>
    <profile value="https://www.netzwerk-universitaetsmedizin.de/fhir/screen4care/StructureDefinition/recommendation"/>
  </meta>
  <text>
    <status value="extensions"/><div xmlns="http://www.w3.org/1999/xhtml"><p><b>Generated Narrative: PlanDefinition</b><a name="COVID19DexamethasoneApplication"> </a></p><div style="display: inline-block; background-color: #d9e0e7; padding: 6px; margin: 4px; border: 1px solid #8da1b4; border-radius: 5px; line-height: 60%"><p style="margin-bottom: 0px">Resource PlanDefinition &quot;COVID19DexamethasoneApplication&quot; </p><p style="margin-bottom: 0px">Profile: <a href="StructureDefinition-recommendation.html">Recommendation</a></p></div><p><b>knowledgeCapability</b>: computable</p><p><b>knowledgeRepresentationLevel</b>: structured</p><p><b>url</b>: <code>https://www.netzwerk-universitaetsmedizin.de/fhir/cpg-on-ebm-on-fhir/example/covid19-dexamethasone-recommendation</code></p><p><b>version</b>: 4.0</p><p><b>name</b>: Dexamethasone_Application</p><p><b>title</b>: Dexamethasone Application</p><p><b>type</b>: Workflow Definition <span style="background: LightGoldenRodYellow; margin: 4px; border: 1px solid khaki"> (<a href="http://terminology.hl7.org/5.0.0/CodeSystem-plan-definition-type.html">PlanDefinitionType</a>#workflow-definition)</span></p><p><b>status</b>: active</p><p><b>experimental</b>: true</p><p><b>subject</b>: <a href="EvidenceVariable-PopulationCOVID19Ventilated.html">Population_COVID19_Ventilated</a></p><p><b>date</b>: 2021-12-12</p><p><b>publisher</b>: CPGonEBMonFHIR</p><p><b>description</b>: Application of Dexamethasone for ventilated patients only</p><h3>RelatedArtifacts</h3><table class="grid"><tr><td style="display: none">-</td><td><b>Type</b></td><td><b>Classifier</b></td><td><b>ResourceReference</b></td></tr><tr><td style="display: none">*</td><td>justification</td><td>Recommendation rating <span style="background: LightGoldenRodYellow; margin: 4px; border: 1px solid khaki"> (<a href="CodeSystem-ceosys-code-system.html">CEOsys Code System</a>#recommendation-rating)</span></td><td><a href="ArtifactAssessment-DexamethasoneRecommendationJustification.html">ArtifactAssessment/DexamethasoneRecommendationJustification</a></td></tr><tr><td style="display: none">*</td><td>citation</td><td>Clinical practice guideline recommendation <span style="background: LightGoldenRodYellow; margin: 4px; border: 1px solid khaki"> (<a href="CodeSystem-ceosys-code-system.html">CEOsys Code System</a>#guideline-recommendation)</span></td><td><a href="Citation-DexamethasoneRecommendationCitation.html">Citation/DexamethasoneRecommendationCitation</a> &quot;DexamethasoneRecommendationCitation&quot;</td></tr><tr><td style="display: none">*</td><td>citation</td><td>Clinical practice guideline <span style="background: LightGoldenRodYellow; margin: 4px; border: 1px solid khaki"> (<a href="CodeSystem-ceosys-code-system.html">CEOsys Code System</a>#clinical-practice-guideline)</span></td><td><a href="Citation-COVID19IntensiveCareTreatmentGuidelineCitation.html">Citation/COVID19IntensiveCareTreatmentGuidelineCitation</a> &quot;COVID19_Intensive_Care_Treatment_Guideline&quot;</td></tr></table><blockquote><p><b>action</b></p><p><b>title</b>: Dexamethasone Application</p><p><b>description</b>: Application of Dexamethasone: 6 mg once per day for 10 days p.o. or i.v. for ventilated COVID-19 patients</p><p><b>code</b>: Guideline-based Care <span style="background: LightGoldenRodYellow; margin: 4px; border: 1px solid khaki"> (<a href="http://hl7.org/fhir/uv/cpg/STU1/CodeSystem-cpg-common-process.html">CPG Common Process</a>#guideline-based-care)</span></p><p><b>selectionBehavior</b>: exactly-one</p><p><b>definition</b>: <a href="PlanDefinition-COVID19VentilatedPatientsDexamethasoneApplicationPlan.html">Dexamethasone Application in ventilated COVID-19 patients</a></p></blockquote><blockquote><p><b>action</b></p><p><b>title</b>: No Dexamethasone Application</p><p><b>description</b>: No Dexamethasone Application for non-ventilated COVID-19 patients</p><p><b>code</b>: Guideline-based Care <span style="background: LightGoldenRodYellow; margin: 4px; border: 1px solid khaki"> (<a href="http://hl7.org/fhir/uv/cpg/STU1/CodeSystem-cpg-common-process.html">CPG Common Process</a>#guideline-based-care)</span></p><p><b>selectionBehavior</b>: exactly-one</p><p><b>definition</b>: <a href="PlanDefinition-COVID19NonVentilatedPatientsDexamethasoneApplicationPlan.html">No Dexamethasone Application for non-ventilated COVID-19 patients</a></p></blockquote></div>
  </text>
  <extension url="http://hl7.org/fhir/uv/cpg/StructureDefinition/cpg-knowledgeCapability">
    <valueCode value="computable"/>
  </extension>
  <extension url="http://hl7.org/fhir/uv/cpg/StructureDefinition/cpg-knowledgeRepresentationLevel">
    <valueCode value="structured"/>
  </extension>
  <url value="https://www.netzwerk-universitaetsmedizin.de/fhir/cpg-on-ebm-on-fhir/example/covid19-dexamethasone-recommendation"/>
  <version value="4.0"/>
  <name value="Dexamethasone_Application"/>
  <title value="Dexamethasone Application"/>
  <type>
    <coding>
      <system value="http://terminology.hl7.org/CodeSystem/plan-definition-type"/>
      <code value="workflow-definition"/>
    </coding>
  </type>
  <status value="active"/>
  <experimental value="true"/>
  <subjectCanonical value="https://www.netzwerk-universitaetsmedizin.de/fhir/cpg-on-ebm-on-fhir/example/population/Population_COVID19_Ventilated"/>
  <date value="2021-12-12"/>
  <publisher value="CPGonEBMonFHIR"/>
  <description value="Application of Dexamethasone for ventilated patients only"/>
  <relatedArtifact>
    <type value="justification"/>
    <classifier>
      <coding>
        <system value="https://www.netzwerk-universitaetsmedizin.de/fhir/screen4care/CodeSystem/ceosys-code-system"/>
        <code value="recommendation-rating"/>
        <display value="Recommendation rating"/>
      </coding>
    </classifier>
    <resourceReference>
      <reference value="ArtifactAssessment/DexamethasoneRecommendationJustification"/>
    </resourceReference>
  </relatedArtifact>
  <relatedArtifact>
    <type value="citation"/>
    <classifier>
      <coding>
        <system value="https://www.netzwerk-universitaetsmedizin.de/fhir/screen4care/CodeSystem/ceosys-code-system"/>
        <code value="guideline-recommendation"/>
        <display value="Clinical practice guideline recommendation"/>
      </coding>
    </classifier>
    <resourceReference>
      <reference value="Citation/DexamethasoneRecommendationCitation"/>
    </resourceReference>
  </relatedArtifact>
  <relatedArtifact>
    <type value="citation"/>
    <classifier>
      <coding>
        <system value="https://www.netzwerk-universitaetsmedizin.de/fhir/screen4care/CodeSystem/ceosys-code-system"/>
        <code value="clinical-practice-guideline"/>
        <display value="Clinical practice guideline"/>
      </coding>
    </classifier>
    <resourceReference>
      <reference value="Citation/COVID19IntensiveCareTreatmentGuidelineCitation"/>
    </resourceReference>
  </relatedArtifact>
  <action>
    <title value="Dexamethasone Application"/>
    <description value="Application of Dexamethasone: 6 mg once per day for 10 days p.o. or i.v. for ventilated COVID-19 patients"/>
    <code>
      <coding>
        <system value="http://hl7.org/fhir/uv/cpg/CodeSystem/cpg-common-process"/>
        <code value="guideline-based-care"/>
      </coding>
    </code>
    <selectionBehavior value="exactly-one"/>
    <definitionCanonical value="https://www.netzwerk-universitaetsmedizin.de/fhir/cpg-on-ebm-on-fhir/example/covid19-ventilated-patients-dexamethasone-application-plan"/>
  </action>
  <action>
    <title value="No Dexamethasone Application"/>
    <description value="No Dexamethasone Application for non-ventilated COVID-19 patients"/>
    <code>
      <coding>
        <system value="http://hl7.org/fhir/uv/cpg/CodeSystem/cpg-common-process"/>
        <code value="guideline-based-care"/>
      </coding>
    </code>
    <selectionBehavior value="exactly-one"/>
    <definitionCanonical value="https://www.netzwerk-universitaetsmedizin.de/fhir/cpg-on-ebm-on-fhir/example/covid19-non-ventilated-patients-no-dexamethasone-application-plan"/>
  </action>
</PlanDefinition>