<?xml version="1.0" encoding="UTF-8"?>

<ValueSet xmlns="http://hl7.org/fhir">
  <id value="cochrane-pico-intervention"/>
  <meta>
    <profile value="http://hl7.org/fhir/uv/cpg/StructureDefinition/cpg-computablevalueset"/>
  </meta>
  <text>
    <status value="generated"/><div xmlns="http://www.w3.org/1999/xhtml"><ul><li>Include codes from <a href="CodeSystem-cochrane-pico-ontology.html"><code>http://data.cochrane.org/ontologies/pico/</code></a> where concept  is-a  <a href="CodeSystem-cochrane-pico-ontology.html#cochrane-pico-ontology-Intervention">Intervention</a></li></ul></div>
  </text>
  <extension url="http://hl7.org/fhir/uv/cpg/StructureDefinition/cpg-knowledgeCapability">
    <valueCode value="shareable"/>
  </extension>
  <extension url="http://hl7.org/fhir/uv/cpg/StructureDefinition/cpg-knowledgeCapability">
    <valueCode value="computable"/>
  </extension>
  <extension url="http://hl7.org/fhir/uv/cpg/StructureDefinition/cpg-knowledgeCapability">
    <valueCode value="publishable"/>
  </extension>
  <extension url="http://hl7.org/fhir/uv/cpg/StructureDefinition/cpg-knowledgeRepresentationLevel">
    <valueCode value="structured"/>
  </extension>
  <url value="https://www.netzwerk-universitaetsmedizin.de/fhir/screen4care/ValueSet/cochrane-pico-intervention"/>
  <version value="0.1.1"/>
  <name value="CochranePICOIntervention"/>
  <title value="Cochrane PICO Intervention"/>
  <status value="draft"/>
  <date value="2022-09-06"/>
  <publisher value="Netzwerk Universitätsmedizin (NUM)"/>
  <contact>
    <telecom>
      <system value="url"/>
      <value value="https://www.netzwerk-universitaetsmedizin.de"/>
    </telecom>
  </contact>
  <description value="All intervention codes from the Cochrane PICO ontology."/>
  <compose>
    <include>
      <system value="http://data.cochrane.org/ontologies/pico/"/>
      <filter>
        <property value="concept"/>
        <op value="is-a"/>
        <value value="Intervention"/>
      </filter>
    </include>
  </compose>
</ValueSet>