<?xml version="1.0" encoding="UTF-8"?><ActivityDefinition xmlns="http://hl7.org/fhir"><id value="NoDexamethasoneApplication"/><meta><profile value="https://www.netzwerk-universitaetsmedizin.de/fhir/screen4care/StructureDefinition/drug-administration-action"/></meta><extension url="http://hl7.org/fhir/uv/cpg/StructureDefinition/cpg-knowledgeCapability"><valueCode value="computable"/></extension><extension url="http://hl7.org/fhir/uv/cpg/StructureDefinition/cpg-knowledgeRepresentationLevel"><valueCode value="structured"/></extension><url value="https://www.netzwerk-universitaetsmedizin.de/fhir/cpg-on-ebm-on-fhir/example/recommendation-action/no-dexamethasone-application"/><version value="1.0"/><name value="NoDexamethasoneApplicationActivity"/><status value="active"/><experimental value="true"/><subjectCodeableConcept><coding><system value="http://hl7.org/fhir/fhir-types"/><code value="Patient"/></coding></subjectCodeableConcept><date value="2023-08-08T08:47:01+00:00"/><publisher value="CPGonEBMonFHIR"/><description value="No Application of Dexamethasone"/><kind value="MedicationRequest"/><code><coding><system value="http://snomed.info/sct"/><code value="432102000"/><display value="Administration of substance (procedure)"/></coding></code><doNotPerform value="true"/><productCodeableConcept><coding><system value="http://snomed.info/sct"/><code value="372584003"/><display value="Dexamethasone (substance)"/></coding><coding><system value="http://fhir.de/CodeSystem/bfarm/atc"/><code value="C05AA09"/><display value="Dexamethason"/></coding></productCodeableConcept></ActivityDefinition>