<?xml version="1.0" encoding="UTF-8"?><Citation xmlns="http://hl7.org/fhir"><id value="ExampleGuidelineCitation"/><meta><profile value="https://www.netzwerk-universitaetsmedizin.de/fhir/screen4care/StructureDefinition/guideline-citation"/></meta><url value="https://www.netzwerk-universitaetsmedizin.de/fhir/screen4care/Citation/ExampleGuidelineCitation"/><name value="ExampleGuidelineCitation"/><status value="active"/><date value="2023-08-08T08:47:01+00:00"/><citedArtifact><identifier><value value="ceoysy/exampleIdentifier"/></identifier><version><value value="1.0-alpha1"/></version><currentState><coding><system value="http://hl7.org/fhir/cited-artifact-status-type"/><code value="archived"/><display value="Archived"/></coding></currentState><title><text value="Example Citation"/></title><webLocation><url value="https://example.com/guideline/exampleIdentifier"/></webLocation><classification><type><coding><system value="http://hl7.org/fhir/cited-artifact-classification-type"/><code value="publication-type"/><display value="Publication Type"/></coding></type><classifier><coding><system value="https://www.netzwerk-universitaetsmedizin.de/fhir/screen4care/CodeSystem/ceosys-code-system"/><code value="clinical-practice-guideline"/><display value="Clinical practice guideline"/></coding></classifier></classification></citedArtifact></Citation>