<?xml version="1.0" encoding="UTF-8"?><CodeSystem xmlns="http://hl7.org/fhir"><id value="ceosys-cs-recommendation-strength"/><meta><profile value="http://hl7.org/fhir/uv/cpg/StructureDefinition/cpg-shareablecodesystem"/></meta><text><status value="generated"/><div xmlns="http://www.w3.org/1999/xhtml"><p>This code system <code>https://www.netzwerk-universitaetsmedizin.de/fhir/screen4care/CodeSystem/ceosys-cs-recommendation-strength</code> defines the following codes:</p><table class="codes"><tr><td style="white-space:nowrap"><b>Code</b></td><td><b>Display</b></td></tr><tr><td style="white-space:nowrap">strong-for<a name="ceosys-cs-recommendation-strength-strong-for"> </a></td><td>Strong for an intervention</td></tr><tr><td style="white-space:nowrap">weak-for<a name="ceosys-cs-recommendation-strength-weak-for"> </a></td><td>Weak for an intervention</td></tr><tr><td style="white-space:nowrap">strong-against<a name="ceosys-cs-recommendation-strength-strong-against"> </a></td><td>Strong against an intervention</td></tr><tr><td style="white-space:nowrap">weak-against<a name="ceosys-cs-recommendation-strength-weak-against"> </a></td><td>Weak against an intervention</td></tr></table></div></text><extension url="http://hl7.org/fhir/uv/cpg/StructureDefinition/cpg-knowledgeCapability"><valueCode value="shareable"/></extension><extension url="http://hl7.org/fhir/uv/cpg/StructureDefinition/cpg-knowledgeCapability"><valueCode value="computable"/></extension><extension url="http://hl7.org/fhir/uv/cpg/StructureDefinition/cpg-knowledgeCapability"><valueCode value="publishable"/></extension><extension url="http://hl7.org/fhir/uv/cpg/StructureDefinition/cpg-knowledgeRepresentationLevel"><valueCode value="structured"/></extension><url value="https://www.netzwerk-universitaetsmedizin.de/fhir/screen4care/CodeSystem/ceosys-cs-recommendation-strength"/><version value="0.1.1"/><name value="RecommendationStrength"/><title value="Recommendation Strength"/><status value="draft"/><date value="2022-09-06"/><publisher value="Netzwerk Universitätsmedizin (NUM)"/><contact><telecom><system value="url"/><value value="https://www.netzwerk-universitaetsmedizin.de"/></telecom></contact><description value="Strength of a clinical guideline recommendation."/><content value="complete"/><count value="4"/><concept><code value="strong-for"/><display value="Strong for an intervention"/></concept><concept><code value="weak-for"/><display value="Weak for an intervention"/></concept><concept><code value="strong-against"/><display value="Strong against an intervention"/></concept><concept><code value="weak-against"/><display value="Weak against an intervention"/></concept></CodeSystem>