<?xml version="1.0" encoding="UTF-8"?><EvidenceVariable xmlns="http://hl7.org/fhir"><id value="ExampleIntervention"/><meta><profile value="https://www.netzwerk-universitaetsmedizin.de/fhir/screen4care/StructureDefinition/intervention-definition"/></meta><url value="https://www.netzwerk-universitaetsmedizin.de/fhir/screen4care/EvidenceVariable/ExampleIntervention"/><name value="Bariatric Surgery"/><status value="active"/><date value="2023-08-08T08:47:01+00:00"/><characteristic><definitionCodeableConcept><coding><system value="http://snomed.info/sct"/><code value="430715008"/><display value="Bariatric operative procedure (procedure)"/></coding></definitionCodeableConcept></characteristic></EvidenceVariable>