<?xml version="1.0" encoding="UTF-8"?><EvidenceVariable xmlns="http://hl7.org/fhir"><id value="ExampleEvidenceDataSet"/><meta><profile value="https://www.netzwerk-universitaetsmedizin.de/fhir/screen4care/StructureDefinition/evidence-data-set"/></meta><url value="https://www.netzwerk-universitaetsmedizin.de/fhir/screen4care/EvidenceVariable/ExampleEvidenceDataSet"/><name value="ExampleEvidenceDataSet"/><status value="active"/><date value="2023-08-08T08:47:01+00:00"/><characteristic><definitionByCombination><code value="dataset"/><characteristic><definitionReference><reference value="ExampleOutcomeEvidence"/></definitionReference></characteristic></definitionByCombination></characteristic></EvidenceVariable>