<?xml version="1.0" encoding="UTF-8"?><EvidenceVariable xmlns="http://hl7.org/fhir"><id value="OutcomeAllCauseMortality"/><meta><profile value="https://www.netzwerk-universitaetsmedizin.de/fhir/screen4care/StructureDefinition/outcome-definition"/></meta><url value="https://www.netzwerk-universitaetsmedizin.de/fhir/screen4care/EvidenceVariable/OutcomeAllCauseMortality"/><name value="AllCauseMortality"/><status value="active"/><date value="2023-08-08T08:47:01+00:00"/><characteristic><exclude value="false"/><definitionCodeableConcept><coding><system value="http://snomed.info/sct"/><code value="409651001"/><display value="Mortality rate (observable entity)"/></coding></definitionCodeableConcept></characteristic><handling value="dichotomous"/></EvidenceVariable>