<?xml version="1.0" encoding="UTF-8"?><EvidenceVariable xmlns="http://hl7.org/fhir"><id value="StudyEligibilityCriteriaSystemicCorticosteroidsCOVID19"/><meta><profile value="https://www.netzwerk-universitaetsmedizin.de/fhir/screen4care/StructureDefinition/study-eligibility-criteria"/></meta><url value="https://www.netzwerk-universitaetsmedizin.de/fhir/screen4care/EvidenceVariable/StudyEligibilityCriteriaSystemicCorticosteroidsCOVID19"/><name value="StudyEligibilityCriteriaSystemicCorticosteroidsCOVID19"/><status value="active"/><date value="2023-08-08T08:47:01+00:00"/><characteristic><definitionByTypeAndValue><type><coding><system value="http://snomed.info/sct"/><code value="404684003"/><display value="Clinical finding (finding)"/></coding></type><valueCodeableConcept><coding><system value="http://snomed.info/sct"/><code value="840539006"/><display value="Disease caused by Severe acute respiratory syndrome coronavirus 2 (disorder)"/></coding></valueCodeableConcept></definitionByTypeAndValue></characteristic></EvidenceVariable>