<?xml version="1.0" encoding="UTF-8"?><ValueSet xmlns="http://hl7.org/fhir"><id value="vs-laboratory-observations"/><meta><profile value="http://hl7.org/fhir/uv/cpg/StructureDefinition/cpg-computablevalueset"/></meta><text><status value="generated"/><div xmlns="http://www.w3.org/1999/xhtml"><ul><li>Include codes from <a href="http://loinc.org"><code>http://loinc.org</code></a> where CLASSTYPE  =  1, STATUS  =  Active and ORDER_OBS  matches (by regex)  Order|Both</li></ul></div></text><extension url="http://hl7.org/fhir/uv/cpg/StructureDefinition/cpg-knowledgeCapability"><valueCode value="shareable"/></extension><extension url="http://hl7.org/fhir/uv/cpg/StructureDefinition/cpg-knowledgeCapability"><valueCode value="computable"/></extension><extension url="http://hl7.org/fhir/uv/cpg/StructureDefinition/cpg-knowledgeCapability"><valueCode value="publishable"/></extension><extension url="http://hl7.org/fhir/uv/cpg/StructureDefinition/cpg-knowledgeRepresentationLevel"><valueCode value="structured"/></extension><url value="https://www.netzwerk-universitaetsmedizin.de/fhir/screen4care/ValueSet/vs-laboratory-observations"/><version value="0.1.0"/><name value="LaboratoryObservations"/><title value="Laboratory Observations"/><status value="draft"/><date value="2022-11-29"/><publisher value="Netzwerk Universitätsmedizin (NUM)"/><contact><telecom><system value="url"/><value value="https://www.netzwerk-universitaetsmedizin.de"/></telecom></contact><description value="Most important"/><compose><include><system value="http://loinc.org"/><filter><property value="CLASSTYPE"/><op value="="/><value value="1"/></filter><filter><property value="STATUS"/><op value="="/><value value="Active"/></filter><filter><property value="ORDER_OBS"/><op value="regex"/><value value="Order|Both"/></filter></include></compose></ValueSet>