<?xml version="1.0" encoding="UTF-8"?>

<ArtifactAssessment xmlns="http://hl7.org/fhir">
  <id value="ExampleCertaintyOfEvidenceRating"/>
  <meta>
    <profile value="https://www.netzwerk-universitaetsmedizin.de/fhir/screen4care/StructureDefinition/certainty-of-evidence-rating"/>
  </meta>
  <text>
    <status value="extensions"/><div xmlns="http://www.w3.org/1999/xhtml"><p><b>Generated Narrative: ArtifactAssessment</b><a name="ExampleCertaintyOfEvidenceRating"> </a></p><div style="display: inline-block; background-color: #d9e0e7; padding: 6px; margin: 4px; border: 1px solid #8da1b4; border-radius: 5px; line-height: 60%"><p style="margin-bottom: 0px">Resource ArtifactAssessment &quot;ExampleCertaintyOfEvidenceRating&quot; </p><p style="margin-bottom: 0px">Profile: <a href="StructureDefinition-certainty-of-evidence-rating.html">Certainty of Evidence Rating</a></p></div><p><b>ArtifactAssessment Version</b>: 0.1.1</p><p><b>ArtifactAssessment Publication Status</b>: active</p><p><b>date</b>: 2022-03-11</p><p><b>artifact</b>: <a href="Evidence-ExampleStudyOutcomeEvidence.html">Evidence/ExampleStudyOutcomeEvidence</a> &quot;ExampleStudyOutcomeEvidence&quot;</p><blockquote><p><b>content</b></p><p><b>informationType</b>: rating</p><p><b>type</b>: Overall certainty <span style="background: LightGoldenRodYellow; margin: 4px; border: 1px solid khaki"> (<a href="http://hl7.org/fhir/R5/codesystem-certainty-type.html">Evidence Certainty Type</a>#Overall)</span></p><p><b>classifier</b>: Moderate quality <span style="background: LightGoldenRodYellow; margin: 4px; border: 1px solid khaki"> (<a href="CodeSystem-certainty-rating.html">Evidence Certainty Rating</a>#moderate)</span></p></blockquote><blockquote><p><b>content</b></p><p><b>informationType</b>: rating</p><p><b>type</b>: Risk of bias <span style="background: LightGoldenRodYellow; margin: 4px; border: 1px solid khaki"> (<a href="http://hl7.org/fhir/R5/codesystem-certainty-type.html">Evidence Certainty Type</a>#RiskOfBias)</span></p><p><b>classifier</b>: serious concern <span style="background: LightGoldenRodYellow; margin: 4px; border: 1px solid khaki"> (<a href="CodeSystem-certainty-rating.html">Evidence Certainty Rating</a>#serious-concern)</span></p></blockquote><blockquote><p><b>content</b></p><p><b>informationType</b>: rating</p><p><b>type</b>: Imprecision <span style="background: LightGoldenRodYellow; margin: 4px; border: 1px solid khaki"> (<a href="http://hl7.org/fhir/R5/codesystem-certainty-type.html">Evidence Certainty Type</a>#Imprecision)</span></p><p><b>classifier</b>: serious concern <span style="background: LightGoldenRodYellow; margin: 4px; border: 1px solid khaki"> (<a href="CodeSystem-certainty-rating.html">Evidence Certainty Rating</a>#serious-concern)</span></p></blockquote><blockquote><p><b>content</b></p><p><b>informationType</b>: rating</p><p><b>type</b>: Large effect <span style="background: LightGoldenRodYellow; margin: 4px; border: 1px solid khaki"> (<a href="http://hl7.org/fhir/R5/codesystem-certainty-type.html">Evidence Certainty Type</a>#LargeEffect)</span></p><p><b>classifier</b>: increase rating: +2 <span style="background: LightGoldenRodYellow; margin: 4px; border: 1px solid khaki"> (<a href="CodeSystem-certainty-rating.html">Evidence Certainty Rating</a>#upcode2)</span></p></blockquote><blockquote><p><b>content</b></p><p><b>informationType</b>: rating</p><p><b>type</b>: Plausible confounding <span style="background: LightGoldenRodYellow; margin: 4px; border: 1px solid khaki"> (<a href="http://hl7.org/fhir/R5/codesystem-certainty-type.html">Evidence Certainty Type</a>#PlausibleConfounding)</span></p><p><b>classifier</b>: increase rating: +1 <span style="background: LightGoldenRodYellow; margin: 4px; border: 1px solid khaki"> (<a href="CodeSystem-certainty-rating.html">Evidence Certainty Rating</a>#upcode1)</span></p></blockquote></div>
  </text>
  <extension url="https://www.netzwerk-universitaetsmedizin.de/fhir/screen4care/StructureDefinition/ceosys-extension-artifact-assessment-version">
    <valueString value="0.1.1"/>
  </extension>
  <extension url="https://www.netzwerk-universitaetsmedizin.de/fhir/screen4care/StructureDefinition/ceosys-extension-artifact-assessment-publication-status">
    <valueCode value="active"/>
  </extension>
  <date value="2022-03-11"/>
  <artifactReference>
    <reference value="Evidence/ExampleStudyOutcomeEvidence"/>
  </artifactReference>
  <content>
    <informationType value="rating"/>
    <type>
      <coding>
        <system value="http://hl7.org/fhir/certainty-type"/>
        <code value="Overall"/>
        <display value="Overall certainty"/>
      </coding>
    </type>
    <classifier>
      <coding>
        <system value="http://hl7.org/fhir/certainty-rating"/>
        <code value="moderate"/>
        <display value="Moderate quality"/>
      </coding>
    </classifier>
  </content>
  <content>
    <informationType value="rating"/>
    <type>
      <coding>
        <system value="http://hl7.org/fhir/certainty-type"/>
        <code value="RiskOfBias"/>
        <display value="Risk of bias"/>
      </coding>
    </type>
    <classifier>
      <coding>
        <system value="http://hl7.org/fhir/certainty-rating"/>
        <code value="serious-concern"/>
        <display value="serious concern"/>
      </coding>
    </classifier>
  </content>
  <content>
    <informationType value="rating"/>
    <type>
      <coding>
        <system value="http://hl7.org/fhir/certainty-type"/>
        <code value="Imprecision"/>
        <display value="Imprecision"/>
      </coding>
    </type>
    <classifier>
      <coding>
        <system value="http://hl7.org/fhir/certainty-rating"/>
        <code value="serious-concern"/>
        <display value="serious concern"/>
      </coding>
    </classifier>
  </content>
  <content>
    <informationType value="rating"/>
    <type>
      <coding>
        <system value="http://hl7.org/fhir/certainty-type"/>
        <code value="LargeEffect"/>
        <display value="Large effect"/>
      </coding>
    </type>
    <classifier>
      <coding>
        <system value="http://hl7.org/fhir/certainty-rating"/>
        <code value="upcode2"/>
        <display value="increase rating: +2"/>
      </coding>
    </classifier>
  </content>
  <content>
    <informationType value="rating"/>
    <type>
      <coding>
        <system value="http://hl7.org/fhir/certainty-type"/>
        <code value="PlausibleConfounding"/>
        <display value="Plausible confounding"/>
      </coding>
    </type>
    <classifier>
      <coding>
        <system value="http://hl7.org/fhir/certainty-rating"/>
        <code value="upcode1"/>
        <display value="increase rating: +1"/>
      </coding>
    </classifier>
  </content>
</ArtifactAssessment>