<?xml version="1.0" encoding="UTF-8"?>

<Citation xmlns="http://hl7.org/fhir">
  <id value="ExampleStudyCitation"/>
  <meta>
    <profile value="https://www.netzwerk-universitaetsmedizin.de/fhir/screen4care/StructureDefinition/study-citation"/>
  </meta>
  <text>
    <status value="generated"/><div xmlns="http://www.w3.org/1999/xhtml"><p><b>Generated Narrative: Citation</b><a name="ExampleStudyCitation"> </a></p><div style="display: inline-block; background-color: #d9e0e7; padding: 6px; margin: 4px; border: 1px solid #8da1b4; border-radius: 5px; line-height: 60%"><p style="margin-bottom: 0px">Resource Citation &quot;ExampleStudyCitation&quot; </p><p style="margin-bottom: 0px">Profile: <a href="StructureDefinition-study-citation.html">Study Citation</a></p></div><p><b>url</b>: <code>https://www.netzwerk-universitaetsmedizin.de/fhir/screen4care/Citation/ExampleStudyCitation</code></p><p><b>name</b>: ExampleCitation</p><p><b>status</b>: active</p><p><b>date</b>: 2023-08-08 08:47:01+0000</p><blockquote><p><b>citedArtifact</b></p><p><b>identifier</b>: id: ceoysy/exampleIdentifier</p><h3>Titles</h3><table class="grid"><tr><td style="display: none">-</td><td><b>Text</b></td></tr><tr><td style="display: none">*</td><td>Example Citation</td></tr></table><h3>Classifications</h3><table class="grid"><tr><td style="display: none">-</td><td><b>Type</b></td><td><b>Classifier</b></td></tr><tr><td style="display: none">*</td><td>Publication Type <span style="background: LightGoldenRodYellow; margin: 4px; border: 1px solid khaki"> (<a href="http://hl7.org/fhir/R5/codesystem-cited-artifact-classification-type.html">Cited Artifact Classification Type</a>#publication-type)</span></td><td>Journal Article <span style="background: LightGoldenRodYellow; margin: 4px; border: 1px solid khaki"> (<a href="http://hl7.org/fhir/R5/codesystem-citation-artifact-classifier.html">Citation Artifact Classifier</a>#D016428)</span></td></tr></table></blockquote></div>
  </text>
  <url value="https://www.netzwerk-universitaetsmedizin.de/fhir/screen4care/Citation/ExampleStudyCitation"/>
  <name value="ExampleCitation"/>
  <status value="active"/>
  <date value="2023-08-08T08:47:01+00:00"/>
  <citedArtifact>
    <identifier>
      <value value="ceoysy/exampleIdentifier"/>
    </identifier>
    <title>
      <text value="Example Citation"/>
    </title>
    <classification>
      <type>
        <coding>
          <system value="http://hl7.org/fhir/cited-artifact-classification-type"/>
          <code value="publication-type"/>
          <display value="Publication Type"/>
        </coding>
      </type>
      <classifier>
        <coding>
          <system value="http://hl7.org/fhir/citation-artifact-classifier"/>
          <code value="D016428"/>
          <display value="Journal Article"/>
        </coding>
      </classifier>
    </classification>
  </citedArtifact>
</Citation>