<?xml version="1.0" encoding="UTF-8"?>

<EvidenceVariable xmlns="http://hl7.org/fhir">
  <id value="ExampleEvidenceDataSet"/>
  <meta>
    <profile value="https://www.netzwerk-universitaetsmedizin.de/fhir/screen4care/StructureDefinition/evidence-data-set"/>
  </meta>
  <text>
    <status value="generated"/><div xmlns="http://www.w3.org/1999/xhtml"><p><b>Generated Narrative: EvidenceVariable</b><a name="ExampleEvidenceDataSet"> </a></p><div style="display: inline-block; background-color: #d9e0e7; padding: 6px; margin: 4px; border: 1px solid #8da1b4; border-radius: 5px; line-height: 60%"><p style="margin-bottom: 0px">Resource EvidenceVariable &quot;ExampleEvidenceDataSet&quot; </p><p style="margin-bottom: 0px">Profile: <a href="StructureDefinition-evidence-data-set.html">Evidence Data Set</a></p></div><p><b>url</b>: <code>https://www.netzwerk-universitaetsmedizin.de/fhir/screen4care/EvidenceVariable/ExampleEvidenceDataSet</code></p><p><b>name</b>: ExampleEvidenceDataSet</p><p><b>status</b>: active</p><p><b>date</b>: 2023-08-08 08:47:01+0000</p><blockquote><p><b>characteristic</b></p><blockquote><p><b>definitionByCombination</b></p><p><b>code</b>: dataset</p><h3>Characteristics</h3><table class="grid"><tr><td style="display: none">-</td><td><b>DefinitionReference</b></td></tr><tr><td style="display: none">*</td><td><a href="ExampleOutcomeEvidence">ExampleOutcomeEvidence</a></td></tr></table></blockquote></blockquote></div>
  </text>
  <url value="https://www.netzwerk-universitaetsmedizin.de/fhir/screen4care/EvidenceVariable/ExampleEvidenceDataSet"/>
  <name value="ExampleEvidenceDataSet"/>
  <status value="active"/>
  <date value="2023-08-08T08:47:01+00:00"/>
  <characteristic>
    <definitionByCombination>
      <code value="dataset"/>
      <characteristic>
        <definitionReference>
          <reference value="ExampleOutcomeEvidence"/>
        </definitionReference>
      </characteristic>
    </definitionByCombination>
  </characteristic>
</EvidenceVariable>