{"resourceType":"ActivityDefinition","id":"DexamethasoneApplicationActionOral","meta":{"profile":["https://www.netzwerk-universitaetsmedizin.de/fhir/screen4care/StructureDefinition/drug-administration-action"]},"extension":[{"url":"http://hl7.org/fhir/uv/cpg/StructureDefinition/cpg-knowledgeCapability","valueCode":"computable"},{"url":"http://hl7.org/fhir/uv/cpg/StructureDefinition/cpg-knowledgeRepresentationLevel","valueCode":"structured"}],"url":"https://www.netzwerk-universitaetsmedizin.de/fhir/cpg-on-ebm-on-fhir/example/recommendation-action/dexamethasone-application-oral","version":"1.0","name":"DexamethasoneApplicationActionOral","status":"active","experimental":true,"subjectCodeableConcept":{"coding":[{"system":"http://hl7.org/fhir/fhir-types","code":"Patient"}]},"date":"2023-08-08T08:47:01+00:00","publisher":"CPGonEBMonFHIR","description":"Application of Dexamethasone: 6 mg once per day for 10 days (oral route)","kind":"MedicationRequest","code":{"coding":[{"system":"http://snomed.info/sct","code":"432102000","display":"Administration of substance (procedure)"}]},"productCodeableConcept":{"coding":[{"system":"http://snomed.info/sct","code":"372584003","display":"Dexamethasone (substance)"},{"system":"http://fhir.de/CodeSystem/bfarm/atc","code":"C05AA09","display":"Dexamethason"}]},"dosage":[{"timing":{"repeat":{"count":10,"duration":10,"durationUnit":"d","frequency":1,"period":1,"periodUnit":"d"}},"route":{"coding":[{"system":"http://snomed.info/sct","code":"26643006","display":"Oral route"}]},"doseAndRate":[{"doseQuantity":{"value":6,"unit":"mg","system":"http://unitsofmeasure.org","code":"mg"},"rateQuantity":{"value":1,"unit":"/d","system":"http://unitsofmeasure.org","code":"/d"}}]}]}