{"resourceType":"Citation","id":"DexamethasoneRecommendationCitation","meta":{"profile":["https://www.netzwerk-universitaetsmedizin.de/fhir/screen4care/StructureDefinition/recommendation-citation"]},"url":"https://www.netzwerk-universitaetsmedizin.de/fhir/screen4care/Citation/DexamethasoneRecommendationCitation","name":"DexamethasoneRecommendationCitation","status":"active","date":"2023-08-08T08:47:01+00:00","citedArtifact":{"identifier":[{"system":"https://api.magicapp.org/api/v1/recommendations","value":"98398"}],"version":{"value":"v4.0"},"currentState":[{"coding":[{"system":"http://hl7.org/fhir/cited-artifact-status-type","code":"active","display":"Active"}]}],"title":[{"text":"Steroide"}],"classification":[{"type":{"coding":[{"system":"http://hl7.org/fhir/cited-artifact-classification-type","code":"publication-type","display":"Publication Type"}]},"classifier":[{"coding":[{"system":"https://www.netzwerk-universitaetsmedizin.de/fhir/screen4care/CodeSystem/ceosys-code-system","code":"guideline-recommendation","display":"Clinical practice guideline recommendation"}]}]}]}}