{"resourceType":"Citation","id":"COVID19IntensiveCareTreatmentGuidelineCitation","meta":{"profile":["https://www.netzwerk-universitaetsmedizin.de/fhir/screen4care/StructureDefinition/guideline-citation"]},"url":"https://www.netzwerk-universitaetsmedizin.de/fhir/screen4care/Citation/COVID19IntensiveCareTreatmentGuidelineCitation","name":"COVID19_Intensive_Care_Treatment_Guideline","status":"active","date":"2023-08-08T08:47:01+00:00","citedArtifact":{"identifier":[{"system":"https://www.awmf.org/","value":"113-001"}],"version":{"value":"7.0"},"currentState":[{"coding":[{"system":"http://hl7.org/fhir/cited-artifact-status-type","code":"active","display":"Active"}]}],"title":[{"text":"S3-Leitlinie Stationäre Therapie von COVID-19 Patienten"}],"webLocation":[{"url":"https://www.awmf.org/leitlinien/detail/ll/113-001.html"}],"classification":[{"type":{"coding":[{"system":"http://hl7.org/fhir/cited-artifact-classification-type","code":"publication-type","display":"Publication Type"}]},"classifier":[{"coding":[{"system":"https://www.netzwerk-universitaetsmedizin.de/fhir/screen4care/CodeSystem/ceosys-code-system","code":"clinical-practice-guideline","display":"Clinical practice guideline"}]}]}]}}