{"resourceType":"EvidenceVariable","id":"ExampleEvidenceDataSet","meta":{"profile":["https://www.netzwerk-universitaetsmedizin.de/fhir/screen4care/StructureDefinition/evidence-data-set"]},"url":"https://www.netzwerk-universitaetsmedizin.de/fhir/screen4care/EvidenceVariable/ExampleEvidenceDataSet","name":"ExampleEvidenceDataSet","status":"active","date":"2023-08-08T08:47:01+00:00","characteristic":[{"definitionByCombination":{"code":"dataset","characteristic":[{"definitionReference":{"reference":"ExampleOutcomeEvidence"}}]}}]}