{"resourceType":"Evidence","id":"ExampleOutcomeEvidenceSynthesis","meta":{"profile":["https://www.netzwerk-universitaetsmedizin.de/fhir/screen4care/StructureDefinition/outcome-evidence-synthesis"]},"url":"https://www.netzwerk-universitaetsmedizin.de/fhir/screen4care/Evidence/ExampleOutcomeEvidenceSynthesis","name":"ExampleOutcomeEvidenceSynthesis","status":"active","date":"2023-08-08T08:47:01+00:00","relatedArtifact":[{"type":"citation","resourceReference":{"reference":"Citation/ExampleStudyCitation"}}],"variableDefinition":[{"variableRole":{"coding":[{"system":"http://terminology.hl7.org/CodeSystem/variable-role","code":"population"}]},"observed":{"reference":"Group/ExampleEvidenceSynthesisCohorts"},"intended":{"reference":"EvidenceVariable/ExampleStudyEligibilityCriteria"}},{"variableRole":{"coding":[{"system":"http://terminology.hl7.org/CodeSystem/variable-role","code":"measuredVariable"}]},"observed":{"reference":"EvidenceVariable/ExampleOutcome"}}],"synthesisType":{"coding":[{"system":"http://terminology.hl7.org/CodeSystem/synthesis-type","code":"NotApplicable"}]}}