{"resourceType":"EvidenceVariable","id":"ExampleIntervention","meta":{"profile":["https://www.netzwerk-universitaetsmedizin.de/fhir/screen4care/StructureDefinition/intervention-definition"]},"url":"https://www.netzwerk-universitaetsmedizin.de/fhir/screen4care/EvidenceVariable/ExampleIntervention","name":"Bariatric Surgery","status":"active","date":"2023-08-08T08:47:01+00:00","characteristic":[{"definitionCodeableConcept":{"coding":[{"system":"http://snomed.info/sct","code":"430715008","display":"Bariatric operative procedure (procedure)"}]}}]}