{"resourceType":"EvidenceVariable","id":"StudyEligibilityCriteriaSystemicCorticosteroidsCOVID19","meta":{"profile":["https://www.netzwerk-universitaetsmedizin.de/fhir/screen4care/StructureDefinition/study-eligibility-criteria"]},"url":"https://www.netzwerk-universitaetsmedizin.de/fhir/screen4care/EvidenceVariable/StudyEligibilityCriteriaSystemicCorticosteroidsCOVID19","name":"StudyEligibilityCriteriaSystemicCorticosteroidsCOVID19","status":"active","date":"2023-08-08T08:47:01+00:00","characteristic":[{"definitionByTypeAndValue":{"type":{"coding":[{"system":"http://snomed.info/sct","code":"404684003","display":"Clinical finding (finding)"}]},"valueCodeableConcept":{"coding":[{"system":"http://snomed.info/sct","code":"840539006","display":"Disease caused by Severe acute respiratory syndrome coronavirus 2 (disorder)"}]}}}]}