{"resourceType":"Evidence","id":"ExampleNetEffectEstimate","meta":{"profile":["https://www.netzwerk-universitaetsmedizin.de/fhir/screen4care/StructureDefinition/net-effect-estimate"]},"url":"https://www.netzwerk-universitaetsmedizin.de/fhir/screen4care/Evidence/ExampleNetEffectEstimate","name":"NetEffectExample","status":"unknown","date":"2023-08-08T08:47:01+00:00","variableDefinition":[{"variableRole":{"coding":[{"system":"http://terminology.hl7.org/CodeSystem/variable-role","code":"measuredVariable"}]},"intended":{"reference":"EvidenceVariable/ExampleOutcome"}}],"statistic":[{"description":"Net Effect","statisticType":{"coding":[{"system":"https://www.netzwerk-universitaetsmedizin.de/fhir/screen4care/CodeSystem/ceosys-code-system","code":"net-effect","display":"Net Effect"}]},"quantity":{"value":1.7,"system":"http://unitsofmeasure.org","code":"%"},"attributeEstimate":[{"type":{"coding":[{"system":"http://terminology.hl7.org/CodeSystem/attribute-estimate-type","code":"C53324","display":"Confidence interval"}]},"level":0.95,"range":{"low":{"value":1.5,"system":"http://unitsofmeasure.org","code":"%"},"high":{"value":1.9,"system":"http://unitsofmeasure.org","code":"%"}}}],"modelCharacteristic":[{"code":{"coding":[{"system":"https://www.netzwerk-universitaetsmedizin.de/fhir/screen4care/CodeSystem/ceosys-code-system","code":"relative-importance-weighting"}]},"value":{"value":1},"variable":[{"variableDefinition":{"reference":"EvidenceVariable/ExampleOutcome"}}]}]}]}