{"resourceType":"EvidenceVariable","id":"OutcomeAllCauseMortality","meta":{"profile":["https://www.netzwerk-universitaetsmedizin.de/fhir/screen4care/StructureDefinition/outcome-definition"]},"url":"https://www.netzwerk-universitaetsmedizin.de/fhir/screen4care/EvidenceVariable/OutcomeAllCauseMortality","name":"AllCauseMortality","status":"active","date":"2023-08-08T08:47:01+00:00","characteristic":[{"exclude":false,"definitionCodeableConcept":{"coding":[{"system":"http://snomed.info/sct","code":"409651001","display":"Mortality rate (observable entity)"}]}}],"handling":"dichotomous"}