{"resourceType":"EvidenceVariable","id":"ExampleOutcome","meta":{"profile":["https://www.netzwerk-universitaetsmedizin.de/fhir/screen4care/StructureDefinition/outcome-definition"]},"url":"https://www.netzwerk-universitaetsmedizin.de/fhir/screen4care/EvidenceVariable/ExampleOutcome","identifier":[{"system":"https://www.ceosys.de","value":"outcome-example"}],"name":"Mortality","status":"active","date":"2023-08-08T08:47:01+00:00","characteristic":[{"exclude":false,"definitionByTypeAndValue":{"type":{"coding":[{"system":"http://snomed.info/sct","code":"409651001","display":"Mortality rate (observable entity)"}]},"valueQuantity":{"unit":"percent","system":"http://unitsofmeasure.org","code":"%"}}}],"handling":"dichotomous"}