{"resourceType":"ImplementationGuide","id":"screen4care.netzwerk-universitaetsmedizin.de","text":{"status":"extensions","div":"<div xmlns=\"http://www.w3.org/1999/xhtml\"><h2>Screen4Care</h2><p>The official URL for this implementation guide is: </p><pre>https://www.netzwerk-universitaetsmedizin.de/fhir/screen4care/ImplementationGuide/screen4care.netzwerk-universitaetsmedizin.de</pre></div>"},"url":"https://www.netzwerk-universitaetsmedizin.de/fhir/screen4care/ImplementationGuide/screen4care.netzwerk-universitaetsmedizin.de","version":"0.1.0","name":"Screen4Care","title":"Screen4Care Implementation Guide","status":"draft","date":"2023-08-08T08:47:01+00:00","publisher":"Charité - Universitätsmedizin Berlin","contact":[{"name":"Charité - Universitätsmedizin Berlin","telecom":[{"system":"url","value":"https://www.netzwerk-universitaetsmedizin.de"}]}],"packageId":"screen4care.netzwerk-universitaetsmedizin.de","license":"CC0-1.0","fhirVersion":["5.0.0"],"dependsOn":[{"id":"hl7tx","extension":[{"url":"http://hl7.org/fhir/tools/StructureDefinition/implementationguide-dependency-comment","valueMarkdown":"Automatically added as a dependency - all IGs depend on HL7 Terminology"}],"uri":"http://terminology.hl7.org/ImplementationGuide/hl7.terminology","packageId":"hl7.terminology.r5","version":"5.0.0"},{"id":"hl7ext","extension":[{"url":"http://hl7.org/fhir/tools/StructureDefinition/implementationguide-dependency-comment","valueMarkdown":"Automatically added as a dependency - all IGs depend on the HL7 Extension Pack"}],"uri":"http://hl7.org/fhir/extensions/ImplementationGuide/hl7.fhir.uv.extensions","packageId":"hl7.fhir.uv.extensions.r5","version":"1.0.0"},{"id":"hl7_fhir_uv_cpg","uri":"http://hl7.org/fhir/uv/cpg/ImplementationGuide/hl7.fhir.uv.cpg","packageId":"hl7.fhir.uv.cpg","version":"1.0.0"}],"definition":{"extension":[{"extension":[{"url":"code","valueString":"copyrightyear"},{"url":"value","valueString":"2021+"}],"url":"http://hl7.org/fhir/tools/StructureDefinition/ig-parameter"},{"extension":[{"url":"code","valueString":"releaselabel"},{"url":"value","valueString":"qa-preview"}],"url":"http://hl7.org/fhir/tools/StructureDefinition/ig-parameter"},{"extension":[{"url":"code","valueString":"active-tables"},{"url":"value","valueString":"true"}],"url":"http://hl7.org/fhir/tools/StructureDefinition/ig-parameter"},{"extension":[{"url":"code","valueString":"apply-contact"},{"url":"value","valueString":"false"}],"url":"http://hl7.org/fhir/tools/StructureDefinition/ig-parameter"},{"extension":[{"url":"code","valueString":"apply-jurisdiction"},{"url":"value","valueString":"false"}],"url":"http://hl7.org/fhir/tools/StructureDefinition/ig-parameter"},{"extension":[{"url":"code","valueString":"apply-publisher"},{"url":"value","valueString":"false"}],"url":"http://hl7.org/fhir/tools/StructureDefinition/ig-parameter"},{"extension":[{"url":"code","valueString":"apply-version"},{"url":"value","valueString":"false"}],"url":"http://hl7.org/fhir/tools/StructureDefinition/ig-parameter"},{"extension":[{"url":"code","valueString":"show-inherited-invariants"},{"url":"value","valueString":"false"}],"url":"http://hl7.org/fhir/tools/StructureDefinition/ig-parameter"},{"extension":[{"url":"code","valueString":"usage-stats-opt-out"},{"url":"value","valueString":"true"}],"url":"http://hl7.org/fhir/tools/StructureDefinition/ig-parameter"},{"extension":[{"url":"code","valueString":"excludexml"},{"url":"value","valueString":"false"}],"url":"http://hl7.org/fhir/tools/StructureDefinition/ig-parameter"},{"extension":[{"url":"code","valueString":"excludejsn"},{"url":"value","valueString":"false"}],"url":"http://hl7.org/fhir/tools/StructureDefinition/ig-parameter"},{"extension":[{"url":"code","valueString":"excludettl"},{"url":"value","valueString":"true"}],"url":"http://hl7.org/fhir/tools/StructureDefinition/ig-parameter"},{"extension":[{"url":"code","valueString":"excludemap"},{"url":"value","valueString":"true"}],"url":"http://hl7.org/fhir/tools/StructureDefinition/ig-parameter"},{"extension":[{"url":"code","valueString":"excludeexample"},{"url":"value","valueString":"true"}],"url":"http://hl7.org/fhir/tools/StructureDefinition/ig-parameter"},{"extension":[{"url":"code","valueString":"extension-domain"},{"url":"value","valueString":"https://www.netzwerk-universitaetsmedizin.de"}],"url":"http://hl7.org/fhir/tools/StructureDefinition/ig-parameter"},{"extension":[{"url":"code","valueString":"extension-domain"},{"url":"value","valueString":"https://simplifier.net"}],"url":"http://hl7.org/fhir/tools/StructureDefinition/ig-parameter"},{"extension":[{"url":"code","valueString":"autoload-resources"},{"url":"value","valueString":"true"}],"url":"http://hl7.org/fhir/tools/StructureDefinition/ig-parameter"},{"extension":[{"url":"code","valueString":"path-liquid"},{"url":"value","valueString":"template/liquid"}],"url":"http://hl7.org/fhir/tools/StructureDefinition/ig-parameter"},{"extension":[{"url":"code","valueString":"path-liquid"},{"url":"value","valueString":"input/liquid"}],"url":"http://hl7.org/fhir/tools/StructureDefinition/ig-parameter"},{"extension":[{"url":"code","valueString":"path-qa"},{"url":"value","valueString":"temp/qa"}],"url":"http://hl7.org/fhir/tools/StructureDefinition/ig-parameter"},{"extension":[{"url":"code","valueString":"path-temp"},{"url":"value","valueString":"temp/pages"}],"url":"http://hl7.org/fhir/tools/StructureDefinition/ig-parameter"},{"extension":[{"url":"code","valueString":"path-output"},{"url":"value","valueString":"output"}],"url":"http://hl7.org/fhir/tools/StructureDefinition/ig-parameter"},{"extension":[{"url":"code","valueString":"path-suppressed-warnings"},{"url":"value","valueString":"input/ignoreWarnings.txt"}],"url":"http://hl7.org/fhir/tools/StructureDefinition/ig-parameter"},{"extension":[{"url":"code","valueString":"path-history"},{"url":"value","valueString":"https://www.netzwerk-universitaetsmedizin.de/fhir/screen4care/history.html"}],"url":"http://hl7.org/fhir/tools/StructureDefinition/ig-parameter"},{"extension":[{"url":"code","valueString":"template-html"},{"url":"value","valueString":"template-page.html"}],"url":"http://hl7.org/fhir/tools/StructureDefinition/ig-parameter"},{"extension":[{"url":"code","valueString":"template-md"},{"url":"value","valueString":"template-page-md.html"}],"url":"http://hl7.org/fhir/tools/StructureDefinition/ig-parameter"},{"extension":[{"url":"code","valueString":"apply-context"},{"url":"value","valueString":"true"}],"url":"http://hl7.org/fhir/tools/StructureDefinition/ig-parameter"},{"extension":[{"url":"code","valueString":"apply-copyright"},{"url":"value","valueString":"true"}],"url":"http://hl7.org/fhir/tools/StructureDefinition/ig-parameter"},{"extension":[{"url":"code","valueString":"apply-license"},{"url":"value","valueString":"true"}],"url":"http://hl7.org/fhir/tools/StructureDefinition/ig-parameter"},{"extension":[{"url":"code","valueString":"fmm-definition"},{"url":"value","valueString":"http://hl7.org/fhir/versions.html#maturity"}],"url":"http://hl7.org/fhir/tools/StructureDefinition/ig-parameter"},{"extension":[{"url":"code","valueString":"propagate-status"},{"url":"value","valueString":"true"}],"url":"http://hl7.org/fhir/tools/StructureDefinition/ig-parameter"},{"extension":[{"url":"code","valueString":"excludelogbinaryformat"},{"url":"value","valueString":"true"}],"url":"http://hl7.org/fhir/tools/StructureDefinition/ig-parameter"},{"extension":[{"url":"code","valueString":"tabbed-snapshots"},{"url":"value","valueString":"true"}],"url":"http://hl7.org/fhir/tools/StructureDefinition/ig-parameter"},{"url":"http://hl7.org/fhir/tools/StructureDefinition/ig-internal-dependency","valueCode":"hl7.fhir.uv.tools#current"}],"grouping":[{"id":"-str-abstractprofile","name":"Structures: Abstract Profiles","description":"These are profiles on resources or data types that describe patterns used by other profiles, but cannot be instantiated directly.  I.e. instances can conform to profiles *based* on these abstract profiles, but do not declare conformance to the abstract profiles themselves."},{"id":"-str-profile","name":"Structures: Resource Profiles","description":"These define constraints on FHIR resources for systems conforming to this implementation guide."},{"id":"-str-extension","name":"Structures: Extension Definitions","description":"These define constraints on FHIR data types for systems conforming to this implementation guide."},{"id":"-term-valueset","name":"Terminology: Value Sets","description":"These define sets of codes used by systems conforming to this implementation guide."},{"id":"-term-codesystem","name":"Terminology: Code Systems","description":"These define new code systems used by systems conforming to this implementation guide."},{"id":"-ex-example","name":"Example: Example Instances","description":"These are example instances that show what data produced and consumed by systems conforming with this implementation guide might look like."}],"resource":[{"extension":[{"url":"http://hl7.org/fhir/StructureDefinition/implementationguide-page","valueUri":"ValueSet-vs-action-selection-behavior-required.html"}],"reference":{"reference":"ValueSet/vs-action-selection-behavior-required"},"name":"Action Selection Behavior Required","description":"Action selection behavior with only codes that require at least one action to be performed.","isExample":false,"groupingId":"-term-valueset"},{"extension":[{"url":"http://hl7.org/fhir/StructureDefinition/implementationguide-page","valueUri":"EvidenceVariable-OutcomeAllCauseMortality.html"}],"reference":{"reference":"EvidenceVariable/OutcomeAllCauseMortality"},"name":"All-cause mortality","description":"All-cause mortality.","profile":["https://www.netzwerk-universitaetsmedizin.de/fhir/screen4care/StructureDefinition/outcome-definition"],"groupingId":"-ex-example"},{"extension":[{"url":"http://hl7.org/fhir/StructureDefinition/implementationguide-page","valueUri":"ValueSet-vs-allergic-disposition-sct.html"}],"reference":{"reference":"ValueSet/vs-allergic-disposition-sct"},"name":"Allergic Disposition SCT","description":"Allergic Dispositions from SNOMED CT","isExample":false,"groupingId":"-term-valueset"},{"extension":[{"url":"http://hl7.org/fhir/StructureDefinition/implementationguide-page","valueUri":"Organization-AWMFOrganization.html"}],"reference":{"reference":"Organization/AWMFOrganization"},"name":"Arbeitsgemeinschaft der Wissenschaftlichen Medizinischen Fachgesellschaften (AWMF) e.V","description":"Arbeitsgemeinschaft der Wissenschaftlichen Medizinischen Fachgesellschaften (AWMF) e.V","isExample":true,"groupingId":"-ex-example"},{"extension":[{"url":"http://hl7.org/fhir/StructureDefinition/implementationguide-page","valueUri":"StructureDefinition-ceosys-extension-artifact-assessment-publication-status.html"}],"reference":{"reference":"StructureDefinition/ceosys-extension-artifact-assessment-publication-status"},"name":"ArtifactAssessment Publication Status","description":"Adds publication status attribute to ArtifactAssessment.","isExample":false,"groupingId":"-str-extension"},{"extension":[{"url":"http://hl7.org/fhir/StructureDefinition/implementationguide-page","valueUri":"StructureDefinition-ceosys-extension-artifact-assessment-version.html"}],"reference":{"reference":"StructureDefinition/ceosys-extension-artifact-assessment-version"},"name":"ArtifactAssessment Version","description":"Adds version attribute to Artifact Assessment.","isExample":false,"groupingId":"-str-extension"},{"extension":[{"url":"http://hl7.org/fhir/StructureDefinition/implementationguide-page","valueUri":"StructureDefinition-body-positioning-action.html"}],"reference":{"reference":"StructureDefinition/body-positioning-action"},"name":"Body Positioning Action","description":"Definition of a body positioning action as part of a recommended intervention.","isExample":false,"groupingId":"-str-profile"},{"extension":[{"url":"http://hl7.org/fhir/StructureDefinition/implementationguide-page","valueUri":"ValueSet-vs-body-positioning-snomed.html"}],"reference":{"reference":"ValueSet/vs-body-positioning-snomed"},"name":"Body Positioning SNOMED CT","description":"Body positioning procedure codes from SNOMED CT","isExample":false,"groupingId":"-term-valueset"},{"extension":[{"url":"http://hl7.org/fhir/StructureDefinition/implementationguide-page","valueUri":"CodeSystem-ceosys-code-system.html"}],"reference":{"reference":"CodeSystem/ceosys-code-system"},"name":"CEOsys Code System","description":"Codes for clinical guideline recommendation representation missing from other code systems.","isExample":false,"groupingId":"-term-codesystem"},{"extension":[{"url":"http://hl7.org/fhir/StructureDefinition/implementationguide-page","valueUri":"ArtifactAssessment-DexamethasoneRatingOutcomeMortality.html"}],"reference":{"reference":"ArtifactAssessment/DexamethasoneRatingOutcomeMortality"},"name":"Certainty of Evidence for outcome: mortality of Dexamethasone application","description":"Certainty of evidence rating for mortality outcome of Dexamethasonse application recommendation","profile":["https://www.netzwerk-universitaetsmedizin.de/fhir/screen4care/StructureDefinition/certainty-of-evidence-rating"],"groupingId":"-ex-example"},{"extension":[{"url":"http://hl7.org/fhir/StructureDefinition/implementationguide-page","valueUri":"StructureDefinition-certainty-of-evidence-rating.html"}],"reference":{"reference":"StructureDefinition/certainty-of-evidence-rating"},"name":"Certainty of Evidence Rating","description":"Rating of a single outcome (evidence) underlying a clinical practice guideline recommendation","isExample":false,"groupingId":"-str-profile"},{"extension":[{"url":"http://hl7.org/fhir/StructureDefinition/implementationguide-page","valueUri":"ValueSet-vs-rating-clinical-importance.html"}],"reference":{"reference":"ValueSet/vs-rating-clinical-importance"},"name":"Clinical Importance of Outcome","description":"Clinical Importance of Outcome","isExample":false,"groupingId":"-term-valueset"},{"extension":[{"url":"http://hl7.org/fhir/StructureDefinition/implementationguide-page","valueUri":"CodeSystem-cs-clinical-importance.html"}],"reference":{"reference":"CodeSystem/cs-clinical-importance"},"name":"Clinical Importance of Outcome","description":"Clinical Importance of Outcome","isExample":false,"groupingId":"-term-codesystem"},{"extension":[{"url":"http://hl7.org/fhir/StructureDefinition/implementationguide-page","valueUri":"StructureDefinition-guideline.html"}],"reference":{"reference":"StructureDefinition/guideline"},"name":"Clinical Practice Guideline","description":"Representation of an evidence-based clinical practice guideline.","isExample":false,"groupingId":"-str-profile"},{"extension":[{"url":"http://hl7.org/fhir/StructureDefinition/implementationguide-page","valueUri":"CodeSystem-cochrane-core-ontology.html"}],"reference":{"reference":"CodeSystem/cochrane-core-ontology"},"name":"Cochrane Core Ontology","description":"The Cochrane Core ontology describes the entities and concepts that exist in the domain of evidence based healthcare.","isExample":false,"groupingId":"-term-codesystem"},{"extension":[{"url":"http://hl7.org/fhir/StructureDefinition/implementationguide-page","valueUri":"ValueSet-cochrane-pico.html"}],"reference":{"reference":"ValueSet/cochrane-pico"},"name":"Cochrane PICO","description":"All codes from the Cochrane PICO ontology.","isExample":false,"groupingId":"-term-valueset"},{"extension":[{"url":"http://hl7.org/fhir/StructureDefinition/implementationguide-page","valueUri":"ValueSet-cochrane-pico-intervention.html"}],"reference":{"reference":"ValueSet/cochrane-pico-intervention"},"name":"Cochrane PICO Intervention","description":"All intervention codes from the Cochrane PICO ontology.","isExample":false,"groupingId":"-term-valueset"},{"extension":[{"url":"http://hl7.org/fhir/StructureDefinition/implementationguide-page","valueUri":"CodeSystem-cochrane-pico-ontology.html"}],"reference":{"reference":"CodeSystem/cochrane-pico-ontology"},"name":"Cochrane PICO Ontology","description":"The PICO ontology describes questions in evidence based healthcare with the intention of supporting the publishing of evidence as linked data.","isExample":false,"groupingId":"-term-codesystem"},{"extension":[{"url":"http://hl7.org/fhir/StructureDefinition/implementationguide-page","valueUri":"ValueSet-cochrane-pico-outcome.html"}],"reference":{"reference":"ValueSet/cochrane-pico-outcome"},"name":"Cochrane PICO Outcome","description":"All outcome codes from the Cochrane PICO ontology.","isExample":false,"groupingId":"-term-valueset"},{"extension":[{"url":"http://hl7.org/fhir/StructureDefinition/implementationguide-page","valueUri":"ValueSet-cochrane-pico-population.html"}],"reference":{"reference":"ValueSet/cochrane-pico-population"},"name":"Cochrane PICO Population","description":"All population codes from the Cochrane PICO ontology.","isExample":false,"groupingId":"-term-valueset"},{"extension":[{"url":"http://hl7.org/fhir/StructureDefinition/implementationguide-page","valueUri":"StructureDefinition-cohorts.html"}],"reference":{"reference":"StructureDefinition/cohorts"},"name":"Cohorts","description":"The actual group observed in a study or groups of groups in an evidence synthesis.","isExample":false,"groupingId":"-str-abstractprofile"},{"extension":[{"url":"http://hl7.org/fhir/StructureDefinition/implementationguide-page","valueUri":"Composition-COVID19IntensiveCareTreatmentGuideline.html"}],"reference":{"reference":"Composition/COVID19IntensiveCareTreatmentGuideline"},"name":"COVID19 Intensive Care Treatment Guideline","description":"COVID19 Intensive Care Treatment Guideline.","profile":["https://www.netzwerk-universitaetsmedizin.de/fhir/screen4care/StructureDefinition/guideline"],"groupingId":"-ex-example"},{"extension":[{"url":"http://hl7.org/fhir/StructureDefinition/implementationguide-page","valueUri":"Bundle-COVID19IntensiveCareTreatmentGuidelineBundle.html"}],"reference":{"reference":"Bundle/COVID19IntensiveCareTreatmentGuidelineBundle"},"name":"COVID19 Intensive Care Treatment Guideline","description":"COVID19 Intensive Care Treatment Guideline (Bundle).","profile":["https://www.netzwerk-universitaetsmedizin.de/fhir/screen4care/StructureDefinition/guideline-bundle"],"groupingId":"-ex-example"},{"extension":[{"url":"http://hl7.org/fhir/StructureDefinition/implementationguide-page","valueUri":"StructureDefinition-cpg-computableplandefinition.html"}],"reference":{"reference":"StructureDefinition/cpg-computableplandefinition"},"name":"CPGComputablePlanDefinition","description":"Defines the minimum expectations and behavior for a computable plan definition","isExample":false,"groupingId":"-str-abstractprofile"},{"extension":[{"url":"http://hl7.org/fhir/StructureDefinition/implementationguide-page","valueUri":"StructureDefinition-cpg-recommendationdefinition.html"}],"reference":{"reference":"StructureDefinition/cpg-recommendationdefinition"},"name":"CPGRecommendationDefinition","description":"Profile of PlanDefinition as a Recommendation Definition for use with CPG Implementation Guide","isExample":false,"groupingId":"-str-abstractprofile"},{"extension":[{"url":"http://hl7.org/fhir/StructureDefinition/implementationguide-page","valueUri":"StructureDefinition-cpg-shareableplandefinition.html"}],"reference":{"reference":"StructureDefinition/cpg-shareableplandefinition"},"name":"CPGShareablePlanDefinition","description":"Defines the minimum expectations for a shareable plan definition for use with computable guideline content. This profile derives from the ShareablePlanDefinition profile defined in the base FHIR specification, and adds support for declaring knowledge representation level and knowledge artifact capabilities.","isExample":false,"groupingId":"-str-abstractprofile"},{"extension":[{"url":"http://hl7.org/fhir/StructureDefinition/implementationguide-page","valueUri":"StructureDefinition-cpg-strategydefinition.html"}],"reference":{"reference":"StructureDefinition/cpg-strategydefinition"},"name":"CPGStrategyDefinition","description":"Profile of PlanDefinition as a Strategy Definition for use with CPG Implementation Guide. Strategies are used to group recommendations together, typically focused on a particular condition or state within the overall guideline or pathway","isExample":false,"groupingId":"-str-abstractprofile"},{"extension":[{"url":"http://hl7.org/fhir/StructureDefinition/implementationguide-page","valueUri":"StructureDefinition-cqfm-artifactComment.html"}],"reference":{"reference":"StructureDefinition/cqfm-artifactComment"},"name":"CQFM Artifact Comment","description":"A comment containing additional documentation, a review comment, usage guidance, or other relevant information from a particular user.","isExample":false,"groupingId":"-str-extension"},{"extension":[{"url":"http://hl7.org/fhir/StructureDefinition/implementationguide-page","valueUri":"PlanDefinition-COVID19DexamethasoneApplication.html"}],"reference":{"reference":"PlanDefinition/COVID19DexamethasoneApplication"},"name":"Dexamethasone Application","description":"Application of Dexamethasone for ventilated patients only","profile":["https://www.netzwerk-universitaetsmedizin.de/fhir/screen4care/StructureDefinition/recommendation"],"groupingId":"-ex-example"},{"extension":[{"url":"http://hl7.org/fhir/StructureDefinition/implementationguide-page","valueUri":"PlanDefinition-COVID19VentilatedPatientsDexamethasoneApplicationPlan.html"}],"reference":{"reference":"PlanDefinition/COVID19VentilatedPatientsDexamethasoneApplicationPlan"},"name":"Dexamethasone Application","description":"Application of Dexamethasone: 6 mg once per day for 10 days p.o. or i.v. for ventilated COVID-19 patients","profile":["https://www.netzwerk-universitaetsmedizin.de/fhir/screen4care/StructureDefinition/recommendation-plan"],"groupingId":"-ex-example"},{"extension":[{"url":"http://hl7.org/fhir/StructureDefinition/implementationguide-page","valueUri":"ActivityDefinition-DexamethasoneApplicationActionIntravenous.html"}],"reference":{"reference":"ActivityDefinition/DexamethasoneApplicationActionIntravenous"},"name":"Dexamethasone Application (Intravenous)","description":"Application of Dexamethasone: 6 mg once per day for 10 days (intravenous route)","profile":["https://www.netzwerk-universitaetsmedizin.de/fhir/screen4care/StructureDefinition/drug-administration-action"],"groupingId":"-ex-example"},{"extension":[{"url":"http://hl7.org/fhir/StructureDefinition/implementationguide-page","valueUri":"ActivityDefinition-DexamethasoneApplicationActionOral.html"}],"reference":{"reference":"ActivityDefinition/DexamethasoneApplicationActionOral"},"name":"Dexamethasone Application (Oral)","description":"Application of Dexamethasone: 6 mg once per day for 10 days (oral route)","profile":["https://www.netzwerk-universitaetsmedizin.de/fhir/screen4care/StructureDefinition/drug-administration-action"],"groupingId":"-ex-example"},{"extension":[{"url":"http://hl7.org/fhir/StructureDefinition/implementationguide-page","valueUri":"ArtifactAssessment-DexamethasoneRecommendationJustification.html"}],"reference":{"reference":"ArtifactAssessment/DexamethasoneRecommendationJustification"},"name":"Dexamethasone for critically ill COVID-19 patients","description":"Dexamethasone in critically ill patients with COVID-19.","profile":["https://www.netzwerk-universitaetsmedizin.de/fhir/screen4care/StructureDefinition/recommendation-justification"],"groupingId":"-ex-example"},{"extension":[{"url":"http://hl7.org/fhir/StructureDefinition/implementationguide-page","valueUri":"Citation-DexamethasoneRecommendationCitation.html"}],"reference":{"reference":"Citation/DexamethasoneRecommendationCitation"},"name":"Dexamethasone Recommendation","description":"Citation of Dexamethasone Recommenation from COVID-19 intensive care patients treatment guideline","profile":["https://www.netzwerk-universitaetsmedizin.de/fhir/screen4care/StructureDefinition/recommendation-citation"],"groupingId":"-ex-example"},{"extension":[{"url":"http://hl7.org/fhir/StructureDefinition/implementationguide-page","valueUri":"StructureDefinition-ext-dosage-condition.html"}],"reference":{"reference":"StructureDefinition/ext-dosage-condition"},"name":"Dosage Condition","description":"Adds type/value pair to elements of datatype Dosage to express a condition on the dosage.","isExample":false,"groupingId":"-str-extension"},{"extension":[{"url":"http://hl7.org/fhir/StructureDefinition/implementationguide-page","valueUri":"StructureDefinition-drug-administration-action.html"}],"reference":{"reference":"StructureDefinition/drug-administration-action"},"name":"Drug Administration Action","description":"Definition of a drug administration action as part of a recommended intervention.","isExample":false,"groupingId":"-str-profile"},{"extension":[{"url":"http://hl7.org/fhir/StructureDefinition/implementationguide-page","valueUri":"StructureDefinition-eligibility-criteria.html"}],"reference":{"reference":"StructureDefinition/eligibility-criteria"},"name":"Eligibility Criteria","description":"Definition of a population (e.g. for guideline recommendation, clinical study) via the eligibility criteria.","isExample":false,"groupingId":"-str-abstractprofile"},{"extension":[{"url":"http://hl7.org/fhir/StructureDefinition/implementationguide-page","valueUri":"ValueSet-vs-episode-of-care-type.html"}],"reference":{"reference":"ValueSet/vs-episode-of-care-type"},"name":"Episode Of Care Type","description":"Episdoe Of Care Type","isExample":false,"groupingId":"-term-valueset"},{"extension":[{"url":"http://hl7.org/fhir/StructureDefinition/implementationguide-page","valueUri":"CodeSystem-certainty-rating.html"}],"reference":{"reference":"CodeSystem/certainty-rating"},"name":"Evidence Certainty Rating","description":"The assessment of quality, confidence, or certainty.","isExample":false,"groupingId":"-term-codesystem"},{"extension":[{"url":"http://hl7.org/fhir/StructureDefinition/implementationguide-page","valueUri":"StructureDefinition-evidence-data-set.html"}],"reference":{"reference":"StructureDefinition/evidence-data-set"},"name":"Evidence Data Set","description":"Definition of the outcome used as the observed measured variable for an evidence synthesis.","isExample":false,"groupingId":"-str-profile"},{"extension":[{"url":"http://hl7.org/fhir/StructureDefinition/implementationguide-page","valueUri":"StructureDefinition-evidence-synthesis-cohorts.html"}],"reference":{"reference":"StructureDefinition/evidence-synthesis-cohorts"},"name":"Evidence Synthesis Cohorts","description":"The actual group of Groups observed in an evidence synthesis.","isExample":false,"groupingId":"-str-profile"},{"extension":[{"url":"http://hl7.org/fhir/StructureDefinition/implementationguide-page","valueUri":"CodeSystem-cs-evidence-to-decision-certainty-rating.html"}],"reference":{"reference":"CodeSystem/cs-evidence-to-decision-certainty-rating"},"name":"Evidence To Decision Certainty Rating","description":"GRADE Evidence to Decision (EtD) Framework Certainty Ratings","isExample":false,"groupingId":"-term-codesystem"},{"extension":[{"url":"http://hl7.org/fhir/StructureDefinition/implementationguide-page","valueUri":"CodeSystem-cs-evidence-to-decision-certainty-type.html"}],"reference":{"reference":"CodeSystem/cs-evidence-to-decision-certainty-type"},"name":"Evidence To Decision Certainty type","description":"GRADE Evidence to Decision (EtD) Framework Certainty Type","isExample":false,"groupingId":"-term-codesystem"},{"extension":[{"url":"http://hl7.org/fhir/StructureDefinition/implementationguide-page","valueUri":"ActivityDefinition-ExampleBodyPositioningAction.html"}],"reference":{"reference":"ActivityDefinition/ExampleBodyPositioningAction"},"name":"Example Body Positioning Action","description":"Example of a body positioning action.","profile":["https://www.netzwerk-universitaetsmedizin.de/fhir/screen4care/StructureDefinition/body-positioning-action"],"groupingId":"-ex-example"},{"extension":[{"url":"http://hl7.org/fhir/StructureDefinition/implementationguide-page","valueUri":"ArtifactAssessment-ExampleCertaintyOfEvidenceRating.html"}],"reference":{"reference":"ArtifactAssessment/ExampleCertaintyOfEvidenceRating"},"name":"Example Certainty Of Evidence Rating","description":"Example Certainty Of Evidence Rating","profile":["https://www.netzwerk-universitaetsmedizin.de/fhir/screen4care/StructureDefinition/certainty-of-evidence-rating"],"groupingId":"-ex-example"},{"extension":[{"url":"http://hl7.org/fhir/StructureDefinition/implementationguide-page","valueUri":"ActivityDefinition-ExampleDrugAdministrationAction.html"}],"reference":{"reference":"ActivityDefinition/ExampleDrugAdministrationAction"},"name":"Example DrugAdministration Action","description":"A drug administration that should be performed.","profile":["https://www.netzwerk-universitaetsmedizin.de/fhir/screen4care/StructureDefinition/drug-administration-action"],"groupingId":"-ex-example"},{"extension":[{"url":"http://hl7.org/fhir/StructureDefinition/implementationguide-page","valueUri":"EvidenceVariable-ExampleEvidenceDataSet.html"}],"reference":{"reference":"EvidenceVariable/ExampleEvidenceDataSet"},"name":"Example Evidence Data Set","description":"Example of an evidence data set","profile":["https://www.netzwerk-universitaetsmedizin.de/fhir/screen4care/StructureDefinition/evidence-data-set"],"groupingId":"-ex-example"},{"extension":[{"url":"http://hl7.org/fhir/StructureDefinition/implementationguide-page","valueUri":"Group-ExampleEvidenceSynthesisCohorts.html"}],"reference":{"reference":"Group/ExampleEvidenceSynthesisCohorts"},"name":"Example Evidence Synthesis Cohorts","description":"Example of a cohort in an evidence synthesis","profile":["https://www.netzwerk-universitaetsmedizin.de/fhir/screen4care/StructureDefinition/evidence-synthesis-cohorts"],"groupingId":"-ex-example"},{"extension":[{"url":"http://hl7.org/fhir/StructureDefinition/implementationguide-page","valueUri":"Composition-GuidelineExample.html"}],"reference":{"reference":"Composition/GuidelineExample"},"name":"Example Guideline","description":"Example of a guideline resource.","profile":["https://www.netzwerk-universitaetsmedizin.de/fhir/screen4care/StructureDefinition/guideline"],"groupingId":"-ex-example"},{"extension":[{"url":"http://hl7.org/fhir/StructureDefinition/implementationguide-page","valueUri":"Citation-ExampleGuidelineCitation.html"}],"reference":{"reference":"Citation/ExampleGuidelineCitation"},"name":"Example Guideline Citation","description":"Example of a Citation of a clinical practice guideline","profile":["https://www.netzwerk-universitaetsmedizin.de/fhir/screen4care/StructureDefinition/guideline-citation"],"groupingId":"-ex-example"},{"extension":[{"url":"http://hl7.org/fhir/StructureDefinition/implementationguide-page","valueUri":"EvidenceVariable-ExampleIntervention.html"}],"reference":{"reference":"EvidenceVariable/ExampleIntervention"},"name":"Example Intervention","description":"Example of an intervention definition.","profile":["https://www.netzwerk-universitaetsmedizin.de/fhir/screen4care/StructureDefinition/intervention-definition"],"groupingId":"-ex-example"},{"extension":[{"url":"http://hl7.org/fhir/StructureDefinition/implementationguide-page","valueUri":"Evidence-ExampleNetEffectEstimate.html"}],"reference":{"reference":"Evidence/ExampleNetEffectEstimate"},"name":"Example Net Effect Estimate","description":"Example of a net effect estimate","profile":["https://www.netzwerk-universitaetsmedizin.de/fhir/screen4care/StructureDefinition/net-effect-estimate"],"groupingId":"-ex-example"},{"extension":[{"url":"http://hl7.org/fhir/StructureDefinition/implementationguide-page","valueUri":"ActivityDefinition-ExampleNoDrugAdministrationAction.html"}],"reference":{"reference":"ActivityDefinition/ExampleNoDrugAdministrationAction"},"name":"Example No DrugAdministration Action","description":"A drug administration that should not be performed.","profile":["https://www.netzwerk-universitaetsmedizin.de/fhir/screen4care/StructureDefinition/drug-administration-action"],"groupingId":"-ex-example"},{"extension":[{"url":"http://hl7.org/fhir/StructureDefinition/implementationguide-page","valueUri":"Organization-ExampleOrganization.html"}],"reference":{"reference":"Organization/ExampleOrganization"},"name":"Example Organization","description":"Example of a organization resource.","isExample":true,"groupingId":"-ex-example"},{"extension":[{"url":"http://hl7.org/fhir/StructureDefinition/implementationguide-page","valueUri":"EvidenceVariable-ExampleOutcome.html"}],"reference":{"reference":"EvidenceVariable/ExampleOutcome"},"name":"Example Outcome","description":"Example of an outcome evidence variable.","profile":["https://www.netzwerk-universitaetsmedizin.de/fhir/screen4care/StructureDefinition/outcome-definition"],"groupingId":"-ex-example"},{"extension":[{"url":"http://hl7.org/fhir/StructureDefinition/implementationguide-page","valueUri":"Evidence-ExampleOutcomeEvidenceSynthesis.html"}],"reference":{"reference":"Evidence/ExampleOutcomeEvidenceSynthesis"},"name":"Example Outcome Evidence Synthesis","description":"Example Outcome Evidence Synthesis","profile":["https://www.netzwerk-universitaetsmedizin.de/fhir/screen4care/StructureDefinition/outcome-evidence-synthesis"],"groupingId":"-ex-example"},{"extension":[{"url":"http://hl7.org/fhir/StructureDefinition/implementationguide-page","valueUri":"Citation-ExampleRecommendationCitation.html"}],"reference":{"reference":"Citation/ExampleRecommendationCitation"},"name":"Example Recommendation Citation","description":"Example of a Citation of a clinical practice guideline recommendation","profile":["https://www.netzwerk-universitaetsmedizin.de/fhir/screen4care/StructureDefinition/recommendation-citation"],"groupingId":"-ex-example"},{"extension":[{"url":"http://hl7.org/fhir/StructureDefinition/implementationguide-page","valueUri":"EvidenceVariable-ExampleRecommendationEligibilityCriteria.html"}],"reference":{"reference":"EvidenceVariable/ExampleRecommendationEligibilityCriteria"},"name":"Example Recommendation Eligibility Criteria","description":"Example of a population element of a PICO construct that evidence is about.","profile":["https://www.netzwerk-universitaetsmedizin.de/fhir/screen4care/StructureDefinition/recommendation-eligibility-criteria"],"groupingId":"-ex-example"},{"extension":[{"url":"http://hl7.org/fhir/StructureDefinition/implementationguide-page","valueUri":"ArtifactAssessment-ExampleRecommendationJustification.html"}],"reference":{"reference":"ArtifactAssessment/ExampleRecommendationJustification"},"name":"Example Recommendation Justification","description":"Example of a recommendation justification","profile":["https://www.netzwerk-universitaetsmedizin.de/fhir/screen4care/StructureDefinition/recommendation-justification"],"groupingId":"-ex-example"},{"extension":[{"url":"http://hl7.org/fhir/StructureDefinition/implementationguide-page","valueUri":"PlanDefinition-ExampleRecommendationPlan.html"}],"reference":{"reference":"PlanDefinition/ExampleRecommendationPlan"},"name":"Example Recommendation plan","description":"An active recommendation plan.","profile":["https://www.netzwerk-universitaetsmedizin.de/fhir/screen4care/StructureDefinition/recommendation-plan"],"groupingId":"-ex-example"},{"extension":[{"url":"http://hl7.org/fhir/StructureDefinition/implementationguide-page","valueUri":"Citation-ExampleStudyCitation.html"}],"reference":{"reference":"Citation/ExampleStudyCitation"},"name":"Example Study Citation","description":"Example Study Citation","profile":["https://www.netzwerk-universitaetsmedizin.de/fhir/screen4care/StructureDefinition/study-citation"],"groupingId":"-ex-example"},{"extension":[{"url":"http://hl7.org/fhir/StructureDefinition/implementationguide-page","valueUri":"Group-ExampleStudyCohort.html"}],"reference":{"reference":"Group/ExampleStudyCohort"},"name":"Example Study Cohort","description":"Example study cohort of 20 patients","profile":["https://www.netzwerk-universitaetsmedizin.de/fhir/screen4care/StructureDefinition/study-cohort"],"groupingId":"-ex-example"},{"extension":[{"url":"http://hl7.org/fhir/StructureDefinition/implementationguide-page","valueUri":"EvidenceVariable-ExampleStudyEligibilityCriteria.html"}],"reference":{"reference":"EvidenceVariable/ExampleStudyEligibilityCriteria"},"name":"Example Study Eligibility Criteria","description":"Example of Study Eligbility Criteria","profile":["https://www.netzwerk-universitaetsmedizin.de/fhir/screen4care/StructureDefinition/study-eligibility-criteria"],"groupingId":"-ex-example"},{"extension":[{"url":"http://hl7.org/fhir/StructureDefinition/implementationguide-page","valueUri":"Evidence-ExampleStudyOutcomeEvidence.html"}],"reference":{"reference":"Evidence/ExampleStudyOutcomeEvidence"},"name":"Example Study Outcome Evidence","description":"Example Study Outcome Evidence","profile":["https://www.netzwerk-universitaetsmedizin.de/fhir/screen4care/StructureDefinition/study-outcome-evidence"],"groupingId":"-ex-example"},{"extension":[{"url":"http://hl7.org/fhir/StructureDefinition/implementationguide-page","valueUri":"StructureDefinition-guideline-bundle.html"}],"reference":{"reference":"StructureDefinition/guideline-bundle"},"name":"Guideline Bundle","description":"Collection of all resources that represent a single clinical practice guideline.","isExample":false,"groupingId":"-str-profile"},{"extension":[{"url":"http://hl7.org/fhir/StructureDefinition/implementationguide-page","valueUri":"StructureDefinition-guideline-citation.html"}],"reference":{"reference":"StructureDefinition/guideline-citation"},"name":"Guideline Citation","description":"Citation of a clinical practice guideline","isExample":false,"groupingId":"-str-profile"},{"extension":[{"url":"http://hl7.org/fhir/StructureDefinition/implementationguide-page","valueUri":"Bundle-GuidelineRecommendationExample.html"}],"reference":{"reference":"Bundle/GuidelineRecommendationExample"},"name":"Guideline Recommendation Example","description":"Example of a clinical practice guideline representation bundle.","profile":["https://www.netzwerk-universitaetsmedizin.de/fhir/screen4care/StructureDefinition/guideline-bundle"],"groupingId":"-ex-example"},{"extension":[{"url":"http://hl7.org/fhir/StructureDefinition/implementationguide-page","valueUri":"ValueSet-vs-guideline-recommendation-status.html"}],"reference":{"reference":"ValueSet/vs-guideline-recommendation-status"},"name":"Guideline Recommendation Status","description":"Current status of a clinical practice guideline recommendation","isExample":false,"groupingId":"-term-valueset"},{"extension":[{"url":"http://hl7.org/fhir/StructureDefinition/implementationguide-page","valueUri":"ValueSet-vs-guideline-stage-classification.html"}],"reference":{"reference":"ValueSet/vs-guideline-stage-classification"},"name":"Guideline Stage Classification","description":"Stage classification according to systematics","isExample":false,"groupingId":"-term-valueset"},{"extension":[{"url":"http://hl7.org/fhir/StructureDefinition/implementationguide-page","valueUri":"CodeSystem-cs-guideline-stage-classification.html"}],"reference":{"reference":"CodeSystem/cs-guideline-stage-classification"},"name":"Guideline Stage Classification","description":"As part of the project planning for the creation or updating of a guideline,\n    a decision should be made at an early stage about the planned level classification (\"S classification\") according to the AWMF's system of rules (1-3).\n    The S-classification scheme of the AWMF differentiates between the classes S1 treatment recommendation as well as S2e, S2k and S3 guideline.\n    The \"S\" stands for the extent of the applied systematic approach in the development process of a guideline.\n    Each class thus stands for a specific methodological concept that must be presented in a way that is comprehensible to the users.\n    The choice of class is based on the question of how much effort is appropriate and feasible.\n    The need for legitimacy for the implementation of the guideline (convincing the target group) must be taken into account.\n    When choosing a higher S-classification in the context of updating a guideline, the adaptation to the corresponding methodology has to be considered.","isExample":false,"groupingId":"-term-codesystem"},{"extension":[{"url":"http://hl7.org/fhir/StructureDefinition/implementationguide-page","valueUri":"StructureDefinition-intervention-definition.html"}],"reference":{"reference":"StructureDefinition/intervention-definition"},"name":"Intervention Definition","description":"Description of the intervention element of a PICO construct that evidence is about.","isExample":false,"groupingId":"-str-profile"},{"extension":[{"url":"http://hl7.org/fhir/StructureDefinition/implementationguide-page","valueUri":"ValueSet-vs-laboratory-observations.html"}],"reference":{"reference":"ValueSet/vs-laboratory-observations"},"name":"Laboratory Observations","description":"Most important","isExample":false,"groupingId":"-term-valueset"},{"extension":[{"url":"http://hl7.org/fhir/StructureDefinition/implementationguide-page","valueUri":"ValueSet-vs-mean-difference-type.html"}],"reference":{"reference":"ValueSet/vs-mean-difference-type"},"name":"Mean Difference Type","description":"Mean difference types","isExample":false,"groupingId":"-term-valueset"},{"extension":[{"url":"http://hl7.org/fhir/StructureDefinition/implementationguide-page","valueUri":"Evidence-DexamethasoneOutcomeMortality.html"}],"reference":{"reference":"Evidence/DexamethasoneOutcomeMortality"},"name":"Mortality Outcome for Dexamethasone application","description":"Mortality Outcome for Dexamethasone application in hospitalized COVID-19 patients","profile":["https://www.netzwerk-universitaetsmedizin.de/fhir/screen4care/StructureDefinition/outcome-evidence-synthesis"],"groupingId":"-ex-example"},{"extension":[{"url":"http://hl7.org/fhir/StructureDefinition/implementationguide-page","valueUri":"StructureDefinition-net-effect-estimate.html"}],"reference":{"reference":"StructureDefinition/net-effect-estimate"},"name":"Net Effect Estimate","description":"The net effect is the overall expected effect of a recommendation, calculated by an importance-weighted average of the individual outcome effects","isExample":false,"groupingId":"-str-profile"},{"extension":[{"url":"http://hl7.org/fhir/StructureDefinition/implementationguide-page","valueUri":"ActivityDefinition-NoDexamethasoneApplication.html"}],"reference":{"reference":"ActivityDefinition/NoDexamethasoneApplication"},"name":"No Dexamethasone Application","description":"No Application of Dexamethasone","profile":["https://www.netzwerk-universitaetsmedizin.de/fhir/screen4care/StructureDefinition/drug-administration-action"],"groupingId":"-ex-example"},{"extension":[{"url":"http://hl7.org/fhir/StructureDefinition/implementationguide-page","valueUri":"PlanDefinition-COVID19NonVentilatedPatientsDexamethasoneApplicationPlan.html"}],"reference":{"reference":"PlanDefinition/COVID19NonVentilatedPatientsDexamethasoneApplicationPlan"},"name":"No dexamethasone application for non-ventilated COVID-19 patients","description":"No application of Dexamethasone for non-ventilated COVID-19 patients","profile":["https://www.netzwerk-universitaetsmedizin.de/fhir/screen4care/StructureDefinition/recommendation-plan"],"groupingId":"-ex-example"},{"extension":[{"url":"http://hl7.org/fhir/StructureDefinition/implementationguide-page","valueUri":"ArtifactAssessment-NoDexamethasoneRecommendationJustification.html"}],"reference":{"reference":"ArtifactAssessment/NoDexamethasoneRecommendationJustification"},"name":"NO Dexamethasone for moderately ill COVID-19 patients","description":"No Dexamethasone in moderately ill patients with COVID-19.","profile":["https://www.netzwerk-universitaetsmedizin.de/fhir/screen4care/StructureDefinition/recommendation-justification"],"groupingId":"-ex-example"},{"extension":[{"url":"http://hl7.org/fhir/StructureDefinition/implementationguide-page","valueUri":"StructureDefinition-outcome-definition.html"}],"reference":{"reference":"StructureDefinition/outcome-definition"},"name":"Outcome Definition","description":"Description of the outcome element of a PICO construct that evidence is about.","isExample":false,"groupingId":"-str-profile"},{"extension":[{"url":"http://hl7.org/fhir/StructureDefinition/implementationguide-page","valueUri":"StructureDefinition-outcome-evidence.html"}],"reference":{"reference":"StructureDefinition/outcome-evidence"},"name":"Outcome Evidence","description":"A single evidence for an outcome from a specific study, meta analysis or systematic review.","isExample":false,"groupingId":"-str-abstractprofile"},{"extension":[{"url":"http://hl7.org/fhir/StructureDefinition/implementationguide-page","valueUri":"StructureDefinition-outcome-evidence-synthesis.html"}],"reference":{"reference":"StructureDefinition/outcome-evidence-synthesis"},"name":"Outcome Evidence Synthesis","description":"A single evidence for an outcome from an evidence synthesis.","isExample":false,"groupingId":"-str-profile"},{"extension":[{"url":"http://hl7.org/fhir/StructureDefinition/implementationguide-page","valueUri":"StructureDefinition-pico-evidence-variable.html"}],"reference":{"reference":"StructureDefinition/pico-evidence-variable"},"name":"PICO Evidence Variable","description":"Description of the a PICO element that knowledge is about. This abstract resource is used as parent for all PICO (population, intervention, comparison, outcome) evidence variables.","isExample":false,"groupingId":"-str-abstractprofile"},{"extension":[{"url":"http://hl7.org/fhir/StructureDefinition/implementationguide-page","valueUri":"EvidenceVariable-PopulationCOVID19NonVentilated.html"}],"reference":{"reference":"EvidenceVariable/PopulationCOVID19NonVentilated"},"name":"Population: COVID19 Non-Ventilated","description":"Population for guideline from https://app.magicapp.org/#/guidelines / 5691 with characteristics: COVID-19, not ventilated","profile":["https://www.netzwerk-universitaetsmedizin.de/fhir/screen4care/StructureDefinition/recommendation-eligibility-criteria"],"groupingId":"-ex-example"},{"extension":[{"url":"http://hl7.org/fhir/StructureDefinition/implementationguide-page","valueUri":"EvidenceVariable-PopulationCOVID19Ventilated.html"}],"reference":{"reference":"EvidenceVariable/PopulationCOVID19Ventilated"},"name":"Population: COVID19 Ventilated","description":"Population for guideline from https://app.magicapp.org/#/guidelines / 5691 with characteristics: COVID-19, Ventilated","profile":["https://www.netzwerk-universitaetsmedizin.de/fhir/screen4care/StructureDefinition/recommendation-eligibility-criteria"],"groupingId":"-ex-example"},{"extension":[{"url":"http://hl7.org/fhir/StructureDefinition/implementationguide-page","valueUri":"StructureDefinition-cqf-qualityOfEvidence.html"}],"reference":{"reference":"StructureDefinition/cqf-qualityOfEvidence"},"name":"qualityOfEvidence","description":"The quality of the evidence described. The code system used specifies the quality scale used to grade this evidence source while the code specifies the actual quality score (represented as a coded value) associated with the evidence.","isExample":false,"groupingId":"-str-extension"},{"extension":[{"url":"http://hl7.org/fhir/StructureDefinition/implementationguide-page","valueUri":"ValueSet-vs-radiologic-finding-sct.html"}],"reference":{"reference":"ValueSet/vs-radiologic-finding-sct"},"name":"Radiologic Finding SCT","description":"Radiologic findings from SNOMED CT","isExample":false,"groupingId":"-term-valueset"},{"extension":[{"url":"http://hl7.org/fhir/StructureDefinition/implementationguide-page","valueUri":"ValueSet-vs-rating-acceptability.html"}],"reference":{"reference":"ValueSet/vs-rating-acceptability"},"name":"Rating Acceptability","description":"Are the alternatives acceptable for the target population and its implementors?","isExample":false,"groupingId":"-term-valueset"},{"extension":[{"url":"http://hl7.org/fhir/StructureDefinition/implementationguide-page","valueUri":"ValueSet-vs-rating-benefit-and-harms.html"}],"reference":{"reference":"ValueSet/vs-rating-benefit-and-harms"},"name":"Rating Benefit And Harms","description":"Summary of most important benefits and harms","isExample":false,"groupingId":"-term-valueset"},{"extension":[{"url":"http://hl7.org/fhir/StructureDefinition/implementationguide-page","valueUri":"ValueSet-vs-rating-certainty-of-evidence.html"}],"reference":{"reference":"ValueSet/vs-rating-certainty-of-evidence"},"name":"Rating Certainty Of Evidence","description":"Codes from EvidenceCertaintyRating related to certainty of evidence","isExample":false,"groupingId":"-term-valueset"},{"extension":[{"url":"http://hl7.org/fhir/StructureDefinition/implementationguide-page","valueUri":"ValueSet-vs-rating-concern-degree.html"}],"reference":{"reference":"ValueSet/vs-rating-concern-degree"},"name":"Rating Concern Degree","description":"Codes from EvidenceCertaintyRating related to degree of concern","isExample":false,"groupingId":"-term-valueset"},{"extension":[{"url":"http://hl7.org/fhir/StructureDefinition/implementationguide-page","valueUri":"ValueSet-vs-rating-consensus.html"}],"reference":{"reference":"ValueSet/vs-rating-consensus"},"name":"Rating Consensus","description":"Degree of consensus reached","isExample":false,"groupingId":"-term-valueset"},{"extension":[{"url":"http://hl7.org/fhir/StructureDefinition/implementationguide-page","valueUri":"ValueSet-vs-rating-equity.html"}],"reference":{"reference":"ValueSet/vs-rating-equity"},"name":"Rating Equity","description":"How do the different alternatives affect equity?","isExample":false,"groupingId":"-term-valueset"},{"extension":[{"url":"http://hl7.org/fhir/StructureDefinition/implementationguide-page","valueUri":"ValueSet-vs-rating-feasibility.html"}],"reference":{"reference":"ValueSet/vs-rating-feasibility"},"name":"Rating Feasibility","description":"How feasible will it be to implement the different alternatives? Any issues?","isExample":false,"groupingId":"-term-valueset"},{"extension":[{"url":"http://hl7.org/fhir/StructureDefinition/implementationguide-page","valueUri":"ValueSet-vs-rating-preference-and-values.html"}],"reference":{"reference":"ValueSet/vs-rating-preference-and-values"},"name":"Rating Preference And Values","description":"Typical patient preferences and values? Common issues or expected variability?","isExample":false,"groupingId":"-term-valueset"},{"extension":[{"url":"http://hl7.org/fhir/StructureDefinition/implementationguide-page","valueUri":"ValueSet-vs-rating-resources.html"}],"reference":{"reference":"ValueSet/vs-rating-resources"},"name":"Rating Resources","description":"Issues with costs or resource use? For whom? Cost-benefit analysis? Implementation or other issues?","isExample":false,"groupingId":"-term-valueset"},{"extension":[{"url":"http://hl7.org/fhir/StructureDefinition/implementationguide-page","valueUri":"ValueSet-vs-rating-uprating-one-level.html"}],"reference":{"reference":"ValueSet/vs-rating-uprating-one-level"},"name":"Rating Up Rating One Level","description":"Ratings for factors that might cause rating up the certainty","isExample":false,"groupingId":"-term-valueset"},{"extension":[{"url":"http://hl7.org/fhir/StructureDefinition/implementationguide-page","valueUri":"ValueSet-vs-rating-uprating-two-levels.html"}],"reference":{"reference":"ValueSet/vs-rating-uprating-two-levels"},"name":"Rating Up Rating Two Levels","description":"Ratings for factors that might cause rating up the certainty","isExample":false,"groupingId":"-term-valueset"},{"extension":[{"url":"http://hl7.org/fhir/StructureDefinition/implementationguide-page","valueUri":"StructureDefinition-recommendation.html"}],"reference":{"reference":"StructureDefinition/recommendation"},"name":"Recommendation","description":"A recommendation as part of a clinical practice guideline.","isExample":false,"groupingId":"-str-profile"},{"extension":[{"url":"http://hl7.org/fhir/StructureDefinition/implementationguide-page","valueUri":"PlanDefinition-ExampleRecommendation.html"}],"reference":{"reference":"PlanDefinition/ExampleRecommendation"},"name":"recommendation","description":"Recommendation","profile":["https://www.netzwerk-universitaetsmedizin.de/fhir/screen4care/StructureDefinition/recommendation"],"groupingId":"-ex-example"},{"extension":[{"url":"http://hl7.org/fhir/StructureDefinition/implementationguide-page","valueUri":"StructureDefinition-recommendation-action.html"}],"reference":{"reference":"StructureDefinition/recommendation-action"},"name":"Recommendation Action","description":"Definition of an activity that is part of an intervention in the context of a clinical practice guideline recommendation.","isExample":false,"groupingId":"-str-abstractprofile"},{"extension":[{"url":"http://hl7.org/fhir/StructureDefinition/implementationguide-page","valueUri":"StructureDefinition-recommendation-citation.html"}],"reference":{"reference":"StructureDefinition/recommendation-citation"},"name":"Recommendation Citation","description":"Citation of a clinical practice guideline recommendation","isExample":false,"groupingId":"-str-profile"},{"extension":[{"url":"http://hl7.org/fhir/StructureDefinition/implementationguide-page","valueUri":"StructureDefinition-recommendation-eligibility-criteria.html"}],"reference":{"reference":"StructureDefinition/recommendation-eligibility-criteria"},"name":"Recommendation Eligibility Criteria","description":"Eligibility Criteria for a Clinical Guideline Recommendation","isExample":false,"groupingId":"-str-profile"},{"extension":[{"url":"http://hl7.org/fhir/StructureDefinition/implementationguide-page","valueUri":"StructureDefinition-recommendation-justification.html"}],"reference":{"reference":"StructureDefinition/recommendation-justification"},"name":"Recommendation Justification","description":"Justification of a clinical guideline recommendation through the underlying evidence and their ratings","isExample":false,"groupingId":"-str-profile"},{"extension":[{"url":"http://hl7.org/fhir/StructureDefinition/implementationguide-page","valueUri":"StructureDefinition-recommendation-plan.html"}],"reference":{"reference":"StructureDefinition/recommendation-plan"},"name":"Recommendation Plan","description":"Definition of an activity that is part of an intervention in the context of a clinical practice guideline recommendation.","isExample":false,"groupingId":"-str-profile"},{"extension":[{"url":"http://hl7.org/fhir/StructureDefinition/implementationguide-page","valueUri":"ValueSet-ceosys-vs-recommendation-strength.html"}],"reference":{"reference":"ValueSet/ceosys-vs-recommendation-strength"},"name":"Recommendation Strength","description":"Strength of a clinical guideline recommendation.","isExample":false,"groupingId":"-term-valueset"},{"extension":[{"url":"http://hl7.org/fhir/StructureDefinition/implementationguide-page","valueUri":"CodeSystem-ceosys-cs-recommendation-strength.html"}],"reference":{"reference":"CodeSystem/ceosys-cs-recommendation-strength"},"name":"Recommendation Strength","description":"Strength of a clinical guideline recommendation.","isExample":false,"groupingId":"-term-codesystem"},{"extension":[{"url":"http://hl7.org/fhir/StructureDefinition/implementationguide-page","valueUri":"ValueSet-vs-relative-effect-type.html"}],"reference":{"reference":"ValueSet/vs-relative-effect-type"},"name":"Relative Effect Type","description":"Relative effect types","isExample":false,"groupingId":"-term-valueset"},{"extension":[{"url":"http://hl7.org/fhir/StructureDefinition/implementationguide-page","valueUri":"StructureDefinition-shareableplandefinition.html"}],"reference":{"reference":"StructureDefinition/shareableplandefinition"},"name":"Shareable PlanDefinition","description":"Enforces the minimum information set for the plan definition metadata required by HL7 and other organizations that share and publish plan definitions","isExample":false,"groupingId":"-str-abstractprofile"},{"extension":[{"url":"http://hl7.org/fhir/StructureDefinition/implementationguide-page","valueUri":"StructureDefinition-cqf-strengthOfRecommendation.html"}],"reference":{"reference":"StructureDefinition/cqf-strengthOfRecommendation"},"name":"strengthOfRecommendation","description":"The strength of the recommendation assigned to this reference. The code system used specifies the rating scale used to rate this recommendation while the code specifies the actual recommendation rating (represented as a coded value) associated with this recommendation.","isExample":false,"groupingId":"-str-extension"},{"extension":[{"url":"http://hl7.org/fhir/StructureDefinition/implementationguide-page","valueUri":"StructureDefinition-study-citation.html"}],"reference":{"reference":"StructureDefinition/study-citation"},"name":"Study Citation","description":"Citation of a study from which evidence is determined.","isExample":false,"groupingId":"-str-profile"},{"extension":[{"url":"http://hl7.org/fhir/StructureDefinition/implementationguide-page","valueUri":"StructureDefinition-study-cohort.html"}],"reference":{"reference":"StructureDefinition/study-cohort"},"name":"Study Cohort","description":"The actual group observed in a study.","isExample":false,"groupingId":"-str-profile"},{"extension":[{"url":"http://hl7.org/fhir/StructureDefinition/implementationguide-page","valueUri":"Group-StudyCohortCorticosteroidsCOVID19.html"}],"reference":{"reference":"Group/StudyCohortCorticosteroidsCOVID19"},"name":"Study cohort for Systemic corticosteroids plus standard care vs. standard care (plus/minus placebo)","description":"Study cohort for for Systemic corticosteroids plus standard care vs. standard care (plus/minus placebo)","profile":["https://www.netzwerk-universitaetsmedizin.de/fhir/screen4care/StructureDefinition/evidence-synthesis-cohorts"],"groupingId":"-ex-example"},{"extension":[{"url":"http://hl7.org/fhir/StructureDefinition/implementationguide-page","valueUri":"StructureDefinition-study-eligibility-criteria.html"}],"reference":{"reference":"StructureDefinition/study-eligibility-criteria"},"name":"Study Eligibility Criteria","description":"Eligibility Criteria for a clinical study","isExample":false,"groupingId":"-str-profile"},{"extension":[{"url":"http://hl7.org/fhir/StructureDefinition/implementationguide-page","valueUri":"EvidenceVariable-StudyEligibilityCriteriaSystemicCorticosteroidsCOVID19.html"}],"reference":{"reference":"EvidenceVariable/StudyEligibilityCriteriaSystemicCorticosteroidsCOVID19"},"name":"Study eligibility criteria for Systemic corticosteroids plus standard care vs. standard care (plus/minus placebo)","description":"Study eligibility criteria for Systemic corticosteroids plus standard care vs. standard care (plus/minus placebo)","profile":["https://www.netzwerk-universitaetsmedizin.de/fhir/screen4care/StructureDefinition/study-eligibility-criteria"],"groupingId":"-ex-example"},{"extension":[{"url":"http://hl7.org/fhir/StructureDefinition/implementationguide-page","valueUri":"StructureDefinition-study-outcome-evidence.html"}],"reference":{"reference":"StructureDefinition/study-outcome-evidence"},"name":"Study Outcome Evidence","description":"A single evidence for an outcome from a primary study.","isExample":false,"groupingId":"-str-profile"},{"extension":[{"url":"http://hl7.org/fhir/StructureDefinition/implementationguide-page","valueUri":"ValueSet-vs-substances-snomed.html"}],"reference":{"reference":"ValueSet/vs-substances-snomed"},"name":"Substances SNOMED CT","description":"All substance codes from SNOMED CT","isExample":false,"groupingId":"-term-valueset"},{"extension":[{"url":"http://hl7.org/fhir/StructureDefinition/implementationguide-page","valueUri":"CodeSystem-synthesis-type.html"}],"reference":{"reference":"CodeSystem/synthesis-type"},"name":"SynthesisType","description":"Types of combining results from a body of evidence (eg. summary data meta-analysis).","isExample":false,"groupingId":"-term-codesystem"},{"extension":[{"url":"http://hl7.org/fhir/StructureDefinition/implementationguide-page","valueUri":"Citation-SystemicCorticosteroidsForTheTreatmentOfCOVID19.html"}],"reference":{"reference":"Citation/SystemicCorticosteroidsForTheTreatmentOfCOVID19"},"name":"Systemic corticosteroids for the treatment of COVID-19","description":"Systemic corticosteroids for the treatment of COVID-19","profile":["https://www.netzwerk-universitaetsmedizin.de/fhir/screen4care/StructureDefinition/study-citation"],"groupingId":"-ex-example"},{"extension":[{"url":"http://hl7.org/fhir/StructureDefinition/implementationguide-page","valueUri":"Citation-COVID19IntensiveCareTreatmentGuidelineCitation.html"}],"reference":{"reference":"Citation/COVID19IntensiveCareTreatmentGuidelineCitation"},"name":"Therapy of hospitalized COVID-19 patients","description":"Guideline for therapy of hospitalized COVID-19 patients","profile":["https://www.netzwerk-universitaetsmedizin.de/fhir/screen4care/StructureDefinition/guideline-citation"],"groupingId":"-ex-example"},{"extension":[{"url":"http://hl7.org/fhir/StructureDefinition/implementationguide-page","valueUri":"ValueSet-vs-ventilation-observable-sct.html"}],"reference":{"reference":"ValueSet/vs-ventilation-observable-sct"},"name":"Ventilation Observable SCT","description":"Ventilation Observables from SNOMED CT","isExample":false,"groupingId":"-term-valueset"}],"page":{"sourceUrl":"toc.html","name":"toc.html","title":"Table of Contents","generation":"html","page":[{"sourceUrl":"index.html","name":"index.html","title":"Screen4Care Implementation Guide","generation":"markdown"},{"sourceUrl":"profiles.html","name":"profiles.html","title":"Profiles","generation":"markdown"},{"sourceUrl":"codesystems.html","name":"codesystems.html","title":"Code Systems","generation":"markdown"},{"sourceUrl":"valuesets.html","name":"valuesets.html","title":"Value Sets","generation":"markdown"},{"sourceUrl":"extensions.html","name":"extensions.html","title":"Extensions","generation":"markdown"},{"sourceUrl":"examples.html","name":"examples.html","title":"Examples","generation":"markdown"},{"sourceUrl":"downloads.html","name":"downloads.html","title":"Downloads","generation":"html"},{"sourceUrl":"changelog.html","name":"changelog.html","title":"Change Log","generation":"markdown"},{"sourceUrl":"artifacts.html","name":"artifacts.html","title":"Artifacts Summary","generation":"html","page":[{"sourceUrl":"StructureDefinition-cohorts.html","name":"StructureDefinition-cohorts.html","title":"Cohorts","generation":"generated"},{"sourceUrl":"StructureDefinition-cpg-computableplandefinition.html","name":"StructureDefinition-cpg-computableplandefinition.html","title":"CPGComputablePlanDefinition","generation":"generated"},{"sourceUrl":"StructureDefinition-cpg-recommendationdefinition.html","name":"StructureDefinition-cpg-recommendationdefinition.html","title":"CPGRecommendationDefinition","generation":"generated"},{"sourceUrl":"StructureDefinition-cpg-shareableplandefinition.html","name":"StructureDefinition-cpg-shareableplandefinition.html","title":"CPGShareablePlanDefinition","generation":"generated"},{"sourceUrl":"StructureDefinition-cpg-strategydefinition.html","name":"StructureDefinition-cpg-strategydefinition.html","title":"CPGStrategyDefinition","generation":"generated"},{"sourceUrl":"StructureDefinition-eligibility-criteria.html","name":"StructureDefinition-eligibility-criteria.html","title":"Eligibility Criteria","generation":"generated"},{"sourceUrl":"StructureDefinition-outcome-evidence.html","name":"StructureDefinition-outcome-evidence.html","title":"Outcome Evidence","generation":"generated"},{"sourceUrl":"StructureDefinition-pico-evidence-variable.html","name":"StructureDefinition-pico-evidence-variable.html","title":"PICO Evidence Variable","generation":"generated"},{"sourceUrl":"StructureDefinition-recommendation-action.html","name":"StructureDefinition-recommendation-action.html","title":"Recommendation Action","generation":"generated"},{"sourceUrl":"StructureDefinition-shareableplandefinition.html","name":"StructureDefinition-shareableplandefinition.html","title":"Shareable PlanDefinition","generation":"generated"},{"sourceUrl":"StructureDefinition-body-positioning-action.html","name":"StructureDefinition-body-positioning-action.html","title":"Body Positioning Action","generation":"generated"},{"sourceUrl":"StructureDefinition-certainty-of-evidence-rating.html","name":"StructureDefinition-certainty-of-evidence-rating.html","title":"Certainty of Evidence Rating","generation":"generated"},{"sourceUrl":"StructureDefinition-guideline.html","name":"StructureDefinition-guideline.html","title":"Clinical Practice Guideline","generation":"generated"},{"sourceUrl":"StructureDefinition-drug-administration-action.html","name":"StructureDefinition-drug-administration-action.html","title":"Drug Administration Action","generation":"generated"},{"sourceUrl":"StructureDefinition-evidence-data-set.html","name":"StructureDefinition-evidence-data-set.html","title":"Evidence Data Set","generation":"generated"},{"sourceUrl":"StructureDefinition-evidence-synthesis-cohorts.html","name":"StructureDefinition-evidence-synthesis-cohorts.html","title":"Evidence Synthesis Cohorts","generation":"generated"},{"sourceUrl":"StructureDefinition-guideline-bundle.html","name":"StructureDefinition-guideline-bundle.html","title":"Guideline Bundle","generation":"generated"},{"sourceUrl":"StructureDefinition-guideline-citation.html","name":"StructureDefinition-guideline-citation.html","title":"Guideline Citation","generation":"generated"},{"sourceUrl":"StructureDefinition-intervention-definition.html","name":"StructureDefinition-intervention-definition.html","title":"Intervention Definition","generation":"generated"},{"sourceUrl":"StructureDefinition-net-effect-estimate.html","name":"StructureDefinition-net-effect-estimate.html","title":"Net Effect Estimate","generation":"generated"},{"sourceUrl":"StructureDefinition-outcome-definition.html","name":"StructureDefinition-outcome-definition.html","title":"Outcome Definition","generation":"generated"},{"sourceUrl":"StructureDefinition-outcome-evidence-synthesis.html","name":"StructureDefinition-outcome-evidence-synthesis.html","title":"Outcome Evidence Synthesis","generation":"generated"},{"sourceUrl":"StructureDefinition-recommendation.html","name":"StructureDefinition-recommendation.html","title":"Recommendation","generation":"generated"},{"sourceUrl":"StructureDefinition-recommendation-citation.html","name":"StructureDefinition-recommendation-citation.html","title":"Recommendation Citation","generation":"generated"},{"sourceUrl":"StructureDefinition-recommendation-eligibility-criteria.html","name":"StructureDefinition-recommendation-eligibility-criteria.html","title":"Recommendation Eligibility Criteria","generation":"generated"},{"sourceUrl":"StructureDefinition-recommendation-justification.html","name":"StructureDefinition-recommendation-justification.html","title":"Recommendation Justification","generation":"generated"},{"sourceUrl":"StructureDefinition-recommendation-plan.html","name":"StructureDefinition-recommendation-plan.html","title":"Recommendation Plan","generation":"generated"},{"sourceUrl":"StructureDefinition-study-citation.html","name":"StructureDefinition-study-citation.html","title":"Study Citation","generation":"generated"},{"sourceUrl":"StructureDefinition-study-cohort.html","name":"StructureDefinition-study-cohort.html","title":"Study Cohort","generation":"generated"},{"sourceUrl":"StructureDefinition-study-eligibility-criteria.html","name":"StructureDefinition-study-eligibility-criteria.html","title":"Study Eligibility Criteria","generation":"generated"},{"sourceUrl":"StructureDefinition-study-outcome-evidence.html","name":"StructureDefinition-study-outcome-evidence.html","title":"Study Outcome Evidence","generation":"generated"},{"sourceUrl":"StructureDefinition-ceosys-extension-artifact-assessment-publication-status.html","name":"StructureDefinition-ceosys-extension-artifact-assessment-publication-status.html","title":"ArtifactAssessment Publication Status","generation":"generated"},{"sourceUrl":"StructureDefinition-ceosys-extension-artifact-assessment-version.html","name":"StructureDefinition-ceosys-extension-artifact-assessment-version.html","title":"ArtifactAssessment Version","generation":"generated"},{"sourceUrl":"StructureDefinition-cqfm-artifactComment.html","name":"StructureDefinition-cqfm-artifactComment.html","title":"CQFM Artifact Comment","generation":"generated"},{"sourceUrl":"StructureDefinition-ext-dosage-condition.html","name":"StructureDefinition-ext-dosage-condition.html","title":"Dosage Condition","generation":"generated"},{"sourceUrl":"StructureDefinition-cqf-qualityOfEvidence.html","name":"StructureDefinition-cqf-qualityOfEvidence.html","title":"qualityOfEvidence","generation":"generated"},{"sourceUrl":"StructureDefinition-cqf-strengthOfRecommendation.html","name":"StructureDefinition-cqf-strengthOfRecommendation.html","title":"strengthOfRecommendation","generation":"generated"},{"sourceUrl":"ValueSet-vs-action-selection-behavior-required.html","name":"ValueSet-vs-action-selection-behavior-required.html","title":"Action Selection Behavior Required","generation":"generated"},{"sourceUrl":"ValueSet-vs-allergic-disposition-sct.html","name":"ValueSet-vs-allergic-disposition-sct.html","title":"Allergic Disposition SCT","generation":"generated"},{"sourceUrl":"ValueSet-vs-body-positioning-snomed.html","name":"ValueSet-vs-body-positioning-snomed.html","title":"Body Positioning SNOMED CT","generation":"generated"},{"sourceUrl":"ValueSet-vs-rating-clinical-importance.html","name":"ValueSet-vs-rating-clinical-importance.html","title":"Clinical Importance of Outcome","generation":"generated"},{"sourceUrl":"ValueSet-cochrane-pico.html","name":"ValueSet-cochrane-pico.html","title":"Cochrane PICO","generation":"generated"},{"sourceUrl":"ValueSet-cochrane-pico-intervention.html","name":"ValueSet-cochrane-pico-intervention.html","title":"Cochrane PICO Intervention","generation":"generated"},{"sourceUrl":"ValueSet-cochrane-pico-outcome.html","name":"ValueSet-cochrane-pico-outcome.html","title":"Cochrane PICO Outcome","generation":"generated"},{"sourceUrl":"ValueSet-cochrane-pico-population.html","name":"ValueSet-cochrane-pico-population.html","title":"Cochrane PICO Population","generation":"generated"},{"sourceUrl":"ValueSet-vs-episode-of-care-type.html","name":"ValueSet-vs-episode-of-care-type.html","title":"Episode Of Care Type","generation":"generated"},{"sourceUrl":"ValueSet-vs-guideline-recommendation-status.html","name":"ValueSet-vs-guideline-recommendation-status.html","title":"Guideline Recommendation Status","generation":"generated"},{"sourceUrl":"ValueSet-vs-guideline-stage-classification.html","name":"ValueSet-vs-guideline-stage-classification.html","title":"Guideline Stage Classification","generation":"generated"},{"sourceUrl":"ValueSet-vs-laboratory-observations.html","name":"ValueSet-vs-laboratory-observations.html","title":"Laboratory Observations","generation":"generated"},{"sourceUrl":"ValueSet-vs-mean-difference-type.html","name":"ValueSet-vs-mean-difference-type.html","title":"Mean Difference Type","generation":"generated"},{"sourceUrl":"ValueSet-vs-radiologic-finding-sct.html","name":"ValueSet-vs-radiologic-finding-sct.html","title":"Radiologic Finding SCT","generation":"generated"},{"sourceUrl":"ValueSet-vs-rating-acceptability.html","name":"ValueSet-vs-rating-acceptability.html","title":"Rating Acceptability","generation":"generated"},{"sourceUrl":"ValueSet-vs-rating-benefit-and-harms.html","name":"ValueSet-vs-rating-benefit-and-harms.html","title":"Rating Benefit And Harms","generation":"generated"},{"sourceUrl":"ValueSet-vs-rating-certainty-of-evidence.html","name":"ValueSet-vs-rating-certainty-of-evidence.html","title":"Rating Certainty Of Evidence","generation":"generated"},{"sourceUrl":"ValueSet-vs-rating-concern-degree.html","name":"ValueSet-vs-rating-concern-degree.html","title":"Rating Concern Degree","generation":"generated"},{"sourceUrl":"ValueSet-vs-rating-consensus.html","name":"ValueSet-vs-rating-consensus.html","title":"Rating Consensus","generation":"generated"},{"sourceUrl":"ValueSet-vs-rating-equity.html","name":"ValueSet-vs-rating-equity.html","title":"Rating Equity","generation":"generated"},{"sourceUrl":"ValueSet-vs-rating-feasibility.html","name":"ValueSet-vs-rating-feasibility.html","title":"Rating Feasibility","generation":"generated"},{"sourceUrl":"ValueSet-vs-rating-preference-and-values.html","name":"ValueSet-vs-rating-preference-and-values.html","title":"Rating Preference And Values","generation":"generated"},{"sourceUrl":"ValueSet-vs-rating-resources.html","name":"ValueSet-vs-rating-resources.html","title":"Rating Resources","generation":"generated"},{"sourceUrl":"ValueSet-vs-rating-uprating-one-level.html","name":"ValueSet-vs-rating-uprating-one-level.html","title":"Rating Up Rating One Level","generation":"generated"},{"sourceUrl":"ValueSet-vs-rating-uprating-two-levels.html","name":"ValueSet-vs-rating-uprating-two-levels.html","title":"Rating Up Rating Two Levels","generation":"generated"},{"sourceUrl":"ValueSet-ceosys-vs-recommendation-strength.html","name":"ValueSet-ceosys-vs-recommendation-strength.html","title":"Recommendation Strength","generation":"generated"},{"sourceUrl":"ValueSet-vs-relative-effect-type.html","name":"ValueSet-vs-relative-effect-type.html","title":"Relative Effect Type","generation":"generated"},{"sourceUrl":"ValueSet-vs-substances-snomed.html","name":"ValueSet-vs-substances-snomed.html","title":"Substances SNOMED CT","generation":"generated"},{"sourceUrl":"ValueSet-vs-ventilation-observable-sct.html","name":"ValueSet-vs-ventilation-observable-sct.html","title":"Ventilation Observable SCT","generation":"generated"},{"sourceUrl":"CodeSystem-ceosys-code-system.html","name":"CodeSystem-ceosys-code-system.html","title":"CEOsys Code System","generation":"generated"},{"sourceUrl":"CodeSystem-cs-clinical-importance.html","name":"CodeSystem-cs-clinical-importance.html","title":"Clinical Importance of Outcome","generation":"generated"},{"sourceUrl":"CodeSystem-cochrane-core-ontology.html","name":"CodeSystem-cochrane-core-ontology.html","title":"Cochrane Core Ontology","generation":"generated"},{"sourceUrl":"CodeSystem-cochrane-pico-ontology.html","name":"CodeSystem-cochrane-pico-ontology.html","title":"Cochrane PICO Ontology","generation":"generated"},{"sourceUrl":"CodeSystem-certainty-rating.html","name":"CodeSystem-certainty-rating.html","title":"Evidence Certainty Rating","generation":"generated"},{"sourceUrl":"CodeSystem-cs-evidence-to-decision-certainty-rating.html","name":"CodeSystem-cs-evidence-to-decision-certainty-rating.html","title":"Evidence To Decision Certainty Rating","generation":"generated"},{"sourceUrl":"CodeSystem-cs-evidence-to-decision-certainty-type.html","name":"CodeSystem-cs-evidence-to-decision-certainty-type.html","title":"Evidence To Decision Certainty type","generation":"generated"},{"sourceUrl":"CodeSystem-cs-guideline-stage-classification.html","name":"CodeSystem-cs-guideline-stage-classification.html","title":"Guideline Stage Classification","generation":"generated"},{"sourceUrl":"CodeSystem-ceosys-cs-recommendation-strength.html","name":"CodeSystem-ceosys-cs-recommendation-strength.html","title":"Recommendation Strength","generation":"generated"},{"sourceUrl":"CodeSystem-synthesis-type.html","name":"CodeSystem-synthesis-type.html","title":"SynthesisType","generation":"generated"},{"sourceUrl":"EvidenceVariable-OutcomeAllCauseMortality.html","name":"EvidenceVariable-OutcomeAllCauseMortality.html","title":"All-cause mortality","generation":"generated"},{"sourceUrl":"Organization-AWMFOrganization.html","name":"Organization-AWMFOrganization.html","title":"Arbeitsgemeinschaft der Wissenschaftlichen Medizinischen Fachgesellschaften (AWMF) e.V","generation":"generated"},{"sourceUrl":"ArtifactAssessment-DexamethasoneRatingOutcomeMortality.html","name":"ArtifactAssessment-DexamethasoneRatingOutcomeMortality.html","title":"Certainty of Evidence for outcome: mortality of Dexamethasone application","generation":"generated"},{"sourceUrl":"Composition-COVID19IntensiveCareTreatmentGuideline.html","name":"Composition-COVID19IntensiveCareTreatmentGuideline.html","title":"COVID19 Intensive Care Treatment Guideline","generation":"generated"},{"sourceUrl":"Bundle-COVID19IntensiveCareTreatmentGuidelineBundle.html","name":"Bundle-COVID19IntensiveCareTreatmentGuidelineBundle.html","title":"COVID19 Intensive Care Treatment Guideline","generation":"generated"},{"sourceUrl":"PlanDefinition-COVID19DexamethasoneApplication.html","name":"PlanDefinition-COVID19DexamethasoneApplication.html","title":"Dexamethasone Application","generation":"generated"},{"sourceUrl":"PlanDefinition-COVID19VentilatedPatientsDexamethasoneApplicationPlan.html","name":"PlanDefinition-COVID19VentilatedPatientsDexamethasoneApplicationPlan.html","title":"Dexamethasone Application","generation":"generated"},{"sourceUrl":"ActivityDefinition-DexamethasoneApplicationActionIntravenous.html","name":"ActivityDefinition-DexamethasoneApplicationActionIntravenous.html","title":"Dexamethasone Application (Intravenous)","generation":"generated"},{"sourceUrl":"ActivityDefinition-DexamethasoneApplicationActionOral.html","name":"ActivityDefinition-DexamethasoneApplicationActionOral.html","title":"Dexamethasone Application (Oral)","generation":"generated"},{"sourceUrl":"ArtifactAssessment-DexamethasoneRecommendationJustification.html","name":"ArtifactAssessment-DexamethasoneRecommendationJustification.html","title":"Dexamethasone for critically ill COVID-19 patients","generation":"generated"},{"sourceUrl":"Citation-DexamethasoneRecommendationCitation.html","name":"Citation-DexamethasoneRecommendationCitation.html","title":"Dexamethasone Recommendation","generation":"generated"},{"sourceUrl":"ActivityDefinition-ExampleBodyPositioningAction.html","name":"ActivityDefinition-ExampleBodyPositioningAction.html","title":"Example Body Positioning Action","generation":"generated"},{"sourceUrl":"ArtifactAssessment-ExampleCertaintyOfEvidenceRating.html","name":"ArtifactAssessment-ExampleCertaintyOfEvidenceRating.html","title":"Example Certainty Of Evidence Rating","generation":"generated"},{"sourceUrl":"ActivityDefinition-ExampleDrugAdministrationAction.html","name":"ActivityDefinition-ExampleDrugAdministrationAction.html","title":"Example DrugAdministration Action","generation":"generated"},{"sourceUrl":"EvidenceVariable-ExampleEvidenceDataSet.html","name":"EvidenceVariable-ExampleEvidenceDataSet.html","title":"Example Evidence Data Set","generation":"generated"},{"sourceUrl":"Group-ExampleEvidenceSynthesisCohorts.html","name":"Group-ExampleEvidenceSynthesisCohorts.html","title":"Example Evidence Synthesis Cohorts","generation":"generated"},{"sourceUrl":"Composition-GuidelineExample.html","name":"Composition-GuidelineExample.html","title":"Example Guideline","generation":"generated"},{"sourceUrl":"Citation-ExampleGuidelineCitation.html","name":"Citation-ExampleGuidelineCitation.html","title":"Example Guideline Citation","generation":"generated"},{"sourceUrl":"EvidenceVariable-ExampleIntervention.html","name":"EvidenceVariable-ExampleIntervention.html","title":"Example Intervention","generation":"generated"},{"sourceUrl":"Evidence-ExampleNetEffectEstimate.html","name":"Evidence-ExampleNetEffectEstimate.html","title":"Example Net Effect Estimate","generation":"generated"},{"sourceUrl":"ActivityDefinition-ExampleNoDrugAdministrationAction.html","name":"ActivityDefinition-ExampleNoDrugAdministrationAction.html","title":"Example No DrugAdministration Action","generation":"generated"},{"sourceUrl":"Organization-ExampleOrganization.html","name":"Organization-ExampleOrganization.html","title":"Example Organization","generation":"generated"},{"sourceUrl":"EvidenceVariable-ExampleOutcome.html","name":"EvidenceVariable-ExampleOutcome.html","title":"Example Outcome","generation":"generated"},{"sourceUrl":"Evidence-ExampleOutcomeEvidenceSynthesis.html","name":"Evidence-ExampleOutcomeEvidenceSynthesis.html","title":"Example Outcome Evidence Synthesis","generation":"generated"},{"sourceUrl":"Citation-ExampleRecommendationCitation.html","name":"Citation-ExampleRecommendationCitation.html","title":"Example Recommendation Citation","generation":"generated"},{"sourceUrl":"EvidenceVariable-ExampleRecommendationEligibilityCriteria.html","name":"EvidenceVariable-ExampleRecommendationEligibilityCriteria.html","title":"Example Recommendation Eligibility Criteria","generation":"generated"},{"sourceUrl":"ArtifactAssessment-ExampleRecommendationJustification.html","name":"ArtifactAssessment-ExampleRecommendationJustification.html","title":"Example Recommendation Justification","generation":"generated"},{"sourceUrl":"PlanDefinition-ExampleRecommendationPlan.html","name":"PlanDefinition-ExampleRecommendationPlan.html","title":"Example Recommendation plan","generation":"generated"},{"sourceUrl":"Citation-ExampleStudyCitation.html","name":"Citation-ExampleStudyCitation.html","title":"Example Study Citation","generation":"generated"},{"sourceUrl":"Group-ExampleStudyCohort.html","name":"Group-ExampleStudyCohort.html","title":"Example Study Cohort","generation":"generated"},{"sourceUrl":"EvidenceVariable-ExampleStudyEligibilityCriteria.html","name":"EvidenceVariable-ExampleStudyEligibilityCriteria.html","title":"Example Study Eligibility Criteria","generation":"generated"},{"sourceUrl":"Evidence-ExampleStudyOutcomeEvidence.html","name":"Evidence-ExampleStudyOutcomeEvidence.html","title":"Example Study Outcome Evidence","generation":"generated"},{"sourceUrl":"Bundle-GuidelineRecommendationExample.html","name":"Bundle-GuidelineRecommendationExample.html","title":"Guideline Recommendation Example","generation":"generated"},{"sourceUrl":"Evidence-DexamethasoneOutcomeMortality.html","name":"Evidence-DexamethasoneOutcomeMortality.html","title":"Mortality Outcome for Dexamethasone application","generation":"generated"},{"sourceUrl":"ActivityDefinition-NoDexamethasoneApplication.html","name":"ActivityDefinition-NoDexamethasoneApplication.html","title":"No Dexamethasone Application","generation":"generated"},{"sourceUrl":"PlanDefinition-COVID19NonVentilatedPatientsDexamethasoneApplicationPlan.html","name":"PlanDefinition-COVID19NonVentilatedPatientsDexamethasoneApplicationPlan.html","title":"No dexamethasone application for non-ventilated COVID-19 patients","generation":"generated"},{"sourceUrl":"ArtifactAssessment-NoDexamethasoneRecommendationJustification.html","name":"ArtifactAssessment-NoDexamethasoneRecommendationJustification.html","title":"NO Dexamethasone for moderately ill COVID-19 patients","generation":"generated"},{"sourceUrl":"EvidenceVariable-PopulationCOVID19NonVentilated.html","name":"EvidenceVariable-PopulationCOVID19NonVentilated.html","title":"Population: COVID19 Non-Ventilated","generation":"generated"},{"sourceUrl":"EvidenceVariable-PopulationCOVID19Ventilated.html","name":"EvidenceVariable-PopulationCOVID19Ventilated.html","title":"Population: COVID19 Ventilated","generation":"generated"},{"sourceUrl":"PlanDefinition-ExampleRecommendation.html","name":"PlanDefinition-ExampleRecommendation.html","title":"recommendation","generation":"generated"},{"sourceUrl":"Group-StudyCohortCorticosteroidsCOVID19.html","name":"Group-StudyCohortCorticosteroidsCOVID19.html","title":"Study cohort for Systemic corticosteroids plus standard care vs. standard care (plus/minus placebo)","generation":"generated"},{"sourceUrl":"EvidenceVariable-StudyEligibilityCriteriaSystemicCorticosteroidsCOVID19.html","name":"EvidenceVariable-StudyEligibilityCriteriaSystemicCorticosteroidsCOVID19.html","title":"Study eligibility criteria for Systemic corticosteroids plus standard care vs. standard care (plus/minus placebo)","generation":"generated"},{"sourceUrl":"Citation-SystemicCorticosteroidsForTheTreatmentOfCOVID19.html","name":"Citation-SystemicCorticosteroidsForTheTreatmentOfCOVID19.html","title":"Systemic corticosteroids for the treatment of COVID-19","generation":"generated"},{"sourceUrl":"Citation-COVID19IntensiveCareTreatmentGuidelineCitation.html","name":"Citation-COVID19IntensiveCareTreatmentGuidelineCitation.html","title":"Therapy of hospitalized COVID-19 patients","generation":"generated"}]}]},"parameter":[{"code":{"system":"http://hl7.org/fhir/guide-parameter-code","code":"path-resource"},"value":"input/capabilities"},{"code":{"system":"http://hl7.org/fhir/guide-parameter-code","code":"path-resource"},"value":"input/examples"},{"code":{"system":"http://hl7.org/fhir/guide-parameter-code","code":"path-resource"},"value":"input/extensions"},{"code":{"system":"http://hl7.org/fhir/guide-parameter-code","code":"path-resource"},"value":"input/models"},{"code":{"system":"http://hl7.org/fhir/guide-parameter-code","code":"path-resource"},"value":"input/operations"},{"code":{"system":"http://hl7.org/fhir/guide-parameter-code","code":"path-resource"},"value":"input/profiles"},{"code":{"system":"http://hl7.org/fhir/guide-parameter-code","code":"path-resource"},"value":"input/resources"},{"code":{"system":"http://hl7.org/fhir/guide-parameter-code","code":"path-resource"},"value":"input/vocabulary"},{"code":{"system":"http://hl7.org/fhir/guide-parameter-code","code":"path-resource"},"value":"input/maps"},{"code":{"system":"http://hl7.org/fhir/guide-parameter-code","code":"path-resource"},"value":"input/testing"},{"code":{"system":"http://hl7.org/fhir/guide-parameter-code","code":"path-resource"},"value":"input/history"},{"code":{"system":"http://hl7.org/fhir/guide-parameter-code","code":"path-resource"},"value":"fsh-generated/resources"},{"code":{"system":"http://hl7.org/fhir/guide-parameter-code","code":"path-pages"},"value":"template/config"},{"code":{"system":"http://hl7.org/fhir/guide-parameter-code","code":"path-pages"},"value":"input/images"},{"code":{"system":"http://hl7.org/fhir/guide-parameter-code","code":"path-tx-cache"},"value":"input-cache/txcache"},{"code":{"system":"http://hl7.org/fhir/tools/CodeSystem/ig-parameters","code":"copyrightyear"},"value":"2021+"},{"code":{"system":"http://hl7.org/fhir/tools/CodeSystem/ig-parameters","code":"releaselabel"},"value":"qa-preview"},{"code":{"system":"http://hl7.org/fhir/tools/CodeSystem/ig-parameters","code":"active-tables"},"value":"true"},{"code":{"system":"http://hl7.org/fhir/tools/CodeSystem/ig-parameters","code":"apply-contact"},"value":"false"},{"code":{"system":"http://hl7.org/fhir/tools/CodeSystem/ig-parameters","code":"apply-jurisdiction"},"value":"false"},{"code":{"system":"http://hl7.org/fhir/tools/CodeSystem/ig-parameters","code":"apply-publisher"},"value":"false"},{"code":{"system":"http://hl7.org/fhir/tools/CodeSystem/ig-parameters","code":"apply-version"},"value":"false"},{"code":{"system":"http://hl7.org/fhir/tools/CodeSystem/ig-parameters","code":"show-inherited-invariants"},"value":"false"},{"code":{"system":"http://hl7.org/fhir/tools/CodeSystem/ig-parameters","code":"usage-stats-opt-out"},"value":"true"},{"code":{"system":"http://hl7.org/fhir/tools/CodeSystem/ig-parameters","code":"excludexml"},"value":"false"},{"code":{"system":"http://hl7.org/fhir/tools/CodeSystem/ig-parameters","code":"excludejsn"},"value":"false"},{"code":{"system":"http://hl7.org/fhir/tools/CodeSystem/ig-parameters","code":"excludettl"},"value":"true"},{"code":{"system":"http://hl7.org/fhir/tools/CodeSystem/ig-parameters","code":"excludemap"},"value":"true"},{"code":{"system":"http://hl7.org/fhir/tools/CodeSystem/ig-parameters","code":"excludeexample"},"value":"true"},{"code":{"system":"http://hl7.org/fhir/tools/CodeSystem/ig-parameters","code":"extension-domain"},"value":"https://www.netzwerk-universitaetsmedizin.de"},{"code":{"system":"http://hl7.org/fhir/tools/CodeSystem/ig-parameters","code":"extension-domain"},"value":"https://simplifier.net"},{"code":{"system":"http://hl7.org/fhir/tools/CodeSystem/ig-parameters","code":"autoload-resources"},"value":"true"},{"code":{"system":"http://hl7.org/fhir/tools/CodeSystem/ig-parameters","code":"path-liquid"},"value":"template/liquid"},{"code":{"system":"http://hl7.org/fhir/tools/CodeSystem/ig-parameters","code":"path-liquid"},"value":"input/liquid"},{"code":{"system":"http://hl7.org/fhir/tools/CodeSystem/ig-parameters","code":"path-qa"},"value":"temp/qa"},{"code":{"system":"http://hl7.org/fhir/tools/CodeSystem/ig-parameters","code":"path-temp"},"value":"temp/pages"},{"code":{"system":"http://hl7.org/fhir/tools/CodeSystem/ig-parameters","code":"path-output"},"value":"output"},{"code":{"system":"http://hl7.org/fhir/tools/CodeSystem/ig-parameters","code":"path-suppressed-warnings"},"value":"input/ignoreWarnings.txt"},{"code":{"system":"http://hl7.org/fhir/tools/CodeSystem/ig-parameters","code":"path-history"},"value":"https://www.netzwerk-universitaetsmedizin.de/fhir/screen4care/history.html"},{"code":{"system":"http://hl7.org/fhir/tools/CodeSystem/ig-parameters","code":"template-html"},"value":"template-page.html"},{"code":{"system":"http://hl7.org/fhir/tools/CodeSystem/ig-parameters","code":"template-md"},"value":"template-page-md.html"},{"code":{"system":"http://hl7.org/fhir/tools/CodeSystem/ig-parameters","code":"apply-context"},"value":"true"},{"code":{"system":"http://hl7.org/fhir/tools/CodeSystem/ig-parameters","code":"apply-copyright"},"value":"true"},{"code":{"system":"http://hl7.org/fhir/tools/CodeSystem/ig-parameters","code":"apply-license"},"value":"true"},{"code":{"system":"http://hl7.org/fhir/tools/CodeSystem/ig-parameters","code":"fmm-definition"},"value":"http://hl7.org/fhir/versions.html#maturity"},{"code":{"system":"http://hl7.org/fhir/tools/CodeSystem/ig-parameters","code":"propagate-status"},"value":"true"},{"code":{"system":"http://hl7.org/fhir/tools/CodeSystem/ig-parameters","code":"excludelogbinaryformat"},"value":"true"},{"code":{"system":"http://hl7.org/fhir/tools/CodeSystem/ig-parameters","code":"tabbed-snapshots"},"value":"true"},{"code":{"system":"http://hl7.org/fhir/tools/CodeSystem/ig-parameters","code":"copyrightyear"},"value":"2021+"},{"code":{"system":"http://hl7.org/fhir/tools/CodeSystem/ig-parameters","code":"releaselabel"},"value":"qa-preview"},{"code":{"system":"http://hl7.org/fhir/tools/CodeSystem/ig-parameters","code":"active-tables"},"value":"true"},{"code":{"system":"http://hl7.org/fhir/tools/CodeSystem/ig-parameters","code":"apply-contact"},"value":"false"},{"code":{"system":"http://hl7.org/fhir/tools/CodeSystem/ig-parameters","code":"apply-jurisdiction"},"value":"false"},{"code":{"system":"http://hl7.org/fhir/tools/CodeSystem/ig-parameters","code":"apply-publisher"},"value":"false"},{"code":{"system":"http://hl7.org/fhir/tools/CodeSystem/ig-parameters","code":"apply-version"},"value":"false"},{"code":{"system":"http://hl7.org/fhir/tools/CodeSystem/ig-parameters","code":"show-inherited-invariants"},"value":"false"},{"code":{"system":"http://hl7.org/fhir/tools/CodeSystem/ig-parameters","code":"usage-stats-opt-out"},"value":"true"},{"code":{"system":"http://hl7.org/fhir/tools/CodeSystem/ig-parameters","code":"excludexml"},"value":"false"},{"code":{"system":"http://hl7.org/fhir/tools/CodeSystem/ig-parameters","code":"excludejsn"},"value":"false"},{"code":{"system":"http://hl7.org/fhir/tools/CodeSystem/ig-parameters","code":"excludettl"},"value":"true"},{"code":{"system":"http://hl7.org/fhir/tools/CodeSystem/ig-parameters","code":"excludemap"},"value":"true"},{"code":{"system":"http://hl7.org/fhir/tools/CodeSystem/ig-parameters","code":"excludeexample"},"value":"true"},{"code":{"system":"http://hl7.org/fhir/tools/CodeSystem/ig-parameters","code":"extension-domain"},"value":"https://www.netzwerk-universitaetsmedizin.de"},{"code":{"system":"http://hl7.org/fhir/tools/CodeSystem/ig-parameters","code":"extension-domain"},"value":"https://simplifier.net"},{"code":{"system":"http://hl7.org/fhir/tools/CodeSystem/ig-parameters","code":"autoload-resources"},"value":"true"},{"code":{"system":"http://hl7.org/fhir/tools/CodeSystem/ig-parameters","code":"path-liquid"},"value":"template/liquid"},{"code":{"system":"http://hl7.org/fhir/tools/CodeSystem/ig-parameters","code":"path-liquid"},"value":"input/liquid"},{"code":{"system":"http://hl7.org/fhir/tools/CodeSystem/ig-parameters","code":"path-qa"},"value":"temp/qa"},{"code":{"system":"http://hl7.org/fhir/tools/CodeSystem/ig-parameters","code":"path-temp"},"value":"temp/pages"},{"code":{"system":"http://hl7.org/fhir/tools/CodeSystem/ig-parameters","code":"path-output"},"value":"output"},{"code":{"system":"http://hl7.org/fhir/tools/CodeSystem/ig-parameters","code":"path-suppressed-warnings"},"value":"input/ignoreWarnings.txt"},{"code":{"system":"http://hl7.org/fhir/tools/CodeSystem/ig-parameters","code":"path-history"},"value":"https://www.netzwerk-universitaetsmedizin.de/fhir/screen4care/history.html"},{"code":{"system":"http://hl7.org/fhir/tools/CodeSystem/ig-parameters","code":"template-html"},"value":"template-page.html"},{"code":{"system":"http://hl7.org/fhir/tools/CodeSystem/ig-parameters","code":"template-md"},"value":"template-page-md.html"},{"code":{"system":"http://hl7.org/fhir/tools/CodeSystem/ig-parameters","code":"apply-context"},"value":"true"},{"code":{"system":"http://hl7.org/fhir/tools/CodeSystem/ig-parameters","code":"apply-copyright"},"value":"true"},{"code":{"system":"http://hl7.org/fhir/tools/CodeSystem/ig-parameters","code":"apply-license"},"value":"true"},{"code":{"system":"http://hl7.org/fhir/tools/CodeSystem/ig-parameters","code":"fmm-definition"},"value":"http://hl7.org/fhir/versions.html#maturity"},{"code":{"system":"http://hl7.org/fhir/tools/CodeSystem/ig-parameters","code":"propagate-status"},"value":"true"},{"code":{"system":"http://hl7.org/fhir/tools/CodeSystem/ig-parameters","code":"excludelogbinaryformat"},"value":"true"},{"code":{"system":"http://hl7.org/fhir/tools/CodeSystem/ig-parameters","code":"tabbed-snapshots"},"value":"true"}]}}