{"resourceType":"PlanDefinition","id":"COVID19DexamethasoneApplication","meta":{"profile":["https://www.netzwerk-universitaetsmedizin.de/fhir/screen4care/StructureDefinition/recommendation"]},"extension":[{"url":"http://hl7.org/fhir/uv/cpg/StructureDefinition/cpg-knowledgeCapability","valueCode":"computable"},{"url":"http://hl7.org/fhir/uv/cpg/StructureDefinition/cpg-knowledgeRepresentationLevel","valueCode":"structured"}],"url":"https://www.netzwerk-universitaetsmedizin.de/fhir/cpg-on-ebm-on-fhir/example/covid19-dexamethasone-recommendation","version":"4.0","name":"Dexamethasone_Application","title":"Dexamethasone Application","type":{"coding":[{"system":"http://terminology.hl7.org/CodeSystem/plan-definition-type","code":"workflow-definition"}]},"status":"active","experimental":true,"subjectCanonical":"https://www.netzwerk-universitaetsmedizin.de/fhir/cpg-on-ebm-on-fhir/example/population/Population_COVID19_Ventilated","date":"2021-12-12","publisher":"CPGonEBMonFHIR","description":"Application of Dexamethasone for ventilated patients only","relatedArtifact":[{"type":"justification","classifier":[{"coding":[{"system":"https://www.netzwerk-universitaetsmedizin.de/fhir/screen4care/CodeSystem/ceosys-code-system","code":"recommendation-rating","display":"Recommendation rating"}]}],"resourceReference":{"reference":"ArtifactAssessment/DexamethasoneRecommendationJustification"}},{"type":"citation","classifier":[{"coding":[{"system":"https://www.netzwerk-universitaetsmedizin.de/fhir/screen4care/CodeSystem/ceosys-code-system","code":"guideline-recommendation","display":"Clinical practice guideline recommendation"}]}],"resourceReference":{"reference":"Citation/DexamethasoneRecommendationCitation"}},{"type":"citation","classifier":[{"coding":[{"system":"https://www.netzwerk-universitaetsmedizin.de/fhir/screen4care/CodeSystem/ceosys-code-system","code":"clinical-practice-guideline","display":"Clinical practice guideline"}]}],"resourceReference":{"reference":"Citation/COVID19IntensiveCareTreatmentGuidelineCitation"}}],"action":[{"title":"Dexamethasone Application","description":"Application of Dexamethasone: 6 mg once per day for 10 days p.o. or i.v. for ventilated COVID-19 patients","code":{"coding":[{"system":"http://hl7.org/fhir/uv/cpg/CodeSystem/cpg-common-process","code":"guideline-based-care"}]},"selectionBehavior":"exactly-one","definitionCanonical":"https://www.netzwerk-universitaetsmedizin.de/fhir/cpg-on-ebm-on-fhir/example/covid19-ventilated-patients-dexamethasone-application-plan"},{"title":"No Dexamethasone Application","description":"No Dexamethasone Application for non-ventilated COVID-19 patients","code":{"coding":[{"system":"http://hl7.org/fhir/uv/cpg/CodeSystem/cpg-common-process","code":"guideline-based-care"}]},"selectionBehavior":"exactly-one","definitionCanonical":"https://www.netzwerk-universitaetsmedizin.de/fhir/cpg-on-ebm-on-fhir/example/covid19-non-ventilated-patients-no-dexamethasone-application-plan"}]}