{"resourceType":"PlanDefinition","id":"ExampleRecommendationPlan","meta":{"profile":["https://www.netzwerk-universitaetsmedizin.de/fhir/screen4care/StructureDefinition/recommendation-plan"]},"extension":[{"url":"http://hl7.org/fhir/uv/cpg/StructureDefinition/cpg-knowledgeCapability","valueCode":"computable"},{"url":"http://hl7.org/fhir/uv/cpg/StructureDefinition/cpg-knowledgeRepresentationLevel","valueCode":"structured"},{"url":"http://hl7.org/fhir/uv/cpg/StructureDefinition/cpg-partOf","valueCanonical":"https://www.netzwerk-universitaetsmedizin.de/fhir/cpg-on-ebm-on-fhir/example/recommendation-plan/example-recommendation"}],"url":"https://www.netzwerk-universitaetsmedizin.de/fhir/cpg-on-ebm-on-fhir/example/recommendation-plan/example-recommendation-plan","version":"1.0","name":"RecommendationPlan","title":"Recommendation Plan","type":{"coding":[{"system":"http://terminology.hl7.org/CodeSystem/plan-definition-type","code":"eca-rule"}]},"status":"active","experimental":true,"subjectCanonical":"https://www.netzwerk-universitaetsmedizin.de/fhir/cpg-on-ebm-on-fhir/example/recommendation-eligibility-criteria","date":"2022-02-14","publisher":"CPGonEBMonFHIR","description":"Example Recommendation Plan","goal":[{"id":"ventilator-management-goal","category":{"coding":[{"system":"http://snomed.info/sct","code":"385857005","display":"Ventilator care and adjustment (regime/therapy)"}]},"description":{"text":"The ventilator should be set up to provide a breath reate of at least 20 and at most per minute."},"target":[{"measure":{"coding":[{"system":"http://loinc.org","code":"33438-3","display":"Breath rate mechanical --on ventilator"}]},"detailRange":{"low":{"value":20,"system":"http://unitsofmeasure.org","code":"/min"},"high":{"value":24,"system":"http://unitsofmeasure.org","code":"/min"}}}]},{"id":"lab-ddimer-concentration-goal","category":{"coding":[{"system":"http://snomed.info/sct","code":"410394004","display":"Lab findings surveillance (regime/therapy)"}]},"description":{"text":"D-Dimer concentration shall be below 250 ng/mL"},"target":[{"measure":{"coding":[{"system":"http://loinc.org","code":"48066-5","display":"Fibrin D-dimer DDU [Mass/volume] in Platelet poor plasma"}]},"detailRange":{"high":{"value":250,"system":"http://unitsofmeasure.org","code":"ng/mL"}}}]}],"action":[{"code":{"coding":[{"system":"http://snomed.info/sct","code":"432102000","display":"Administration of substance (procedure)"}]},"selectionBehavior":"exactly-one","definitionCanonical":"https://www.netzwerk-universitaetsmedizin.de/fhir/cpg-on-ebm-on-fhir/example/recommendation-action/drug-administration-example"},{"code":{"coding":[{"system":"http://snomed.info/sct","code":"229824005","display":"Positioning patient (procedure)"}]},"goalId":["ventilator-management-goal"],"selectionBehavior":"exactly-one","definitionCanonical":"https://www.netzwerk-universitaetsmedizin.de/fhir/cpg-on-ebm-on-fhir/example/recommendation-action/body-positioning-example"},{"code":{"coding":[{"system":"http://snomed.info/sct","code":"410210009","display":"Ventilator care management (procedure)"}]},"goalId":["ventilator-management-goal"]}]}