{"resourceType":"PlanDefinition","id":"COVID19NonVentilatedPatientsDexamethasoneApplicationPlan","meta":{"profile":["https://www.netzwerk-universitaetsmedizin.de/fhir/screen4care/StructureDefinition/recommendation-plan"]},"extension":[{"url":"http://hl7.org/fhir/uv/cpg/StructureDefinition/cpg-knowledgeCapability","valueCode":"computable"},{"url":"http://hl7.org/fhir/uv/cpg/StructureDefinition/cpg-knowledgeRepresentationLevel","valueCode":"structured"},{"url":"http://hl7.org/fhir/uv/cpg/StructureDefinition/cpg-partOf","valueCanonical":"https://www.netzwerk-universitaetsmedizin.de/fhir/cpg-on-ebm-on-fhir/example/covid19-dexamethasone-recommendation"}],"url":"https://www.netzwerk-universitaetsmedizin.de/fhir/cpg-on-ebm-on-fhir/example/covid19-non-ventilated-patients-no-dexamethasone-application-plan","version":"4.0","name":"No_Dexamethasone_Application","title":"No Dexamethasone Application for non-ventilated COVID-19 patients","type":{"coding":[{"system":"http://terminology.hl7.org/CodeSystem/plan-definition-type","code":"eca-rule"}]},"status":"active","experimental":true,"subjectCanonical":"https://www.netzwerk-universitaetsmedizin.de/fhir/cpg-on-ebm-on-fhir/example/population/Population_COVID19_NonVentilated","date":"2021-12-12","publisher":"CPGonEBMonFHIR","description":"No Dexamethasone Application for non-ventilated COVID19 patients","action":[{"code":{"coding":[{"system":"http://snomed.info/sct","code":"432102000","display":"Administration of substance (procedure)"}]},"selectionBehavior":"exactly-one","definitionCanonical":"https://www.netzwerk-universitaetsmedizin.de/fhir/cpg-on-ebm-on-fhir/example/recommendation-action/no-dexamethasone-application"}]}