{"resourceType":"ValueSet","id":"vs-rating-clinical-importance","meta":{"profile":["http://hl7.org/fhir/uv/cpg/StructureDefinition/cpg-computablevalueset"]},"text":{"status":"generated","div":"<div xmlns=\"http://www.w3.org/1999/xhtml\"><ul><li>Include all codes defined in <a href=\"CodeSystem-cs-clinical-importance.html\"><code>https://www.netzwerk-universitaetsmedizin.de/fhir/screen4care/CodeSystem/cs-clinical-importance</code></a></li></ul></div>"},"extension":[{"url":"http://hl7.org/fhir/uv/cpg/StructureDefinition/cpg-knowledgeCapability","valueCode":"shareable"},{"url":"http://hl7.org/fhir/uv/cpg/StructureDefinition/cpg-knowledgeCapability","valueCode":"computable"},{"url":"http://hl7.org/fhir/uv/cpg/StructureDefinition/cpg-knowledgeCapability","valueCode":"publishable"},{"url":"http://hl7.org/fhir/uv/cpg/StructureDefinition/cpg-knowledgeRepresentationLevel","valueCode":"structured"}],"url":"https://www.netzwerk-universitaetsmedizin.de/fhir/screen4care/ValueSet/vs-rating-clinical-importance","version":"0.1.1","name":"RatingClinicalImportance","title":"Clinical Importance of Outcome","status":"draft","date":"2022-09-06","publisher":"Netzwerk Universitätsmedizin (NUM)","contact":[{"telecom":[{"system":"url","value":"https://www.netzwerk-universitaetsmedizin.de"}]}],"description":"Clinical Importance of Outcome","compose":{"include":[{"system":"https://www.netzwerk-universitaetsmedizin.de/fhir/screen4care/CodeSystem/cs-clinical-importance"}]}}