{"resourceType":"ValueSet","id":"vs-rating-concern-degree","meta":{"profile":["http://hl7.org/fhir/uv/cpg/StructureDefinition/cpg-computablevalueset"]},"text":{"status":"extensions","div":"<div xmlns=\"http://www.w3.org/1999/xhtml\"><ul><li>Include these codes as defined in <a href=\"CodeSystem-certainty-rating.html\"><code>http://hl7.org/fhir/certainty-rating</code></a><table class=\"none\"><tr><td style=\"white-space:nowrap\"><b>Code</b></td><td><b>Display</b></td><td><b>Definition</b></td></tr><tr><td><a href=\"CodeSystem-certainty-rating.html#certainty-rating-no-concern\">no-concern</a></td><td>no serious concern</td><td>no serious concern.</td></tr><tr><td><a href=\"CodeSystem-certainty-rating.html#certainty-rating-serious-concern\">serious-concern</a></td><td>serious concern</td><td>serious concern.</td></tr><tr><td><a href=\"CodeSystem-certainty-rating.html#certainty-rating-very-serious-concern\">very-serious-concern</a></td><td>very serious concern</td><td>very serious concern.</td></tr><tr><td><a href=\"CodeSystem-certainty-rating.html#certainty-rating-extremely-serious-concern\">extremely-serious-concern</a></td><td>extremely serious concern</td><td>extremely serious concern.</td></tr></table></li></ul></div>"},"extension":[{"url":"http://hl7.org/fhir/uv/cpg/StructureDefinition/cpg-knowledgeCapability","valueCode":"shareable"},{"url":"http://hl7.org/fhir/uv/cpg/StructureDefinition/cpg-knowledgeCapability","valueCode":"computable"},{"url":"http://hl7.org/fhir/uv/cpg/StructureDefinition/cpg-knowledgeCapability","valueCode":"publishable"},{"url":"http://hl7.org/fhir/uv/cpg/StructureDefinition/cpg-knowledgeRepresentationLevel","valueCode":"structured"}],"url":"https://www.netzwerk-universitaetsmedizin.de/fhir/screen4care/ValueSet/vs-rating-concern-degree","version":"0.1.1","name":"RatingConcernDegree","title":"Rating Concern Degree","status":"draft","date":"2022-09-06","publisher":"Netzwerk Universitätsmedizin (NUM)","contact":[{"telecom":[{"system":"url","value":"https://www.netzwerk-universitaetsmedizin.de"}]}],"description":"Codes from EvidenceCertaintyRating related to degree of concern","compose":{"include":[{"system":"http://hl7.org/fhir/certainty-rating","concept":[{"code":"no-concern","display":"no serious concern"},{"code":"serious-concern","display":"serious concern"},{"code":"very-serious-concern","display":"very serious concern"},{"code":"extremely-serious-concern","display":"extremely serious concern"}]}]}}