{"resourceType":"ValueSet","id":"vs-rating-uprating-two-levels","meta":{"profile":["http://hl7.org/fhir/uv/cpg/StructureDefinition/cpg-computablevalueset"]},"text":{"status":"extensions","div":"<div xmlns=\"http://www.w3.org/1999/xhtml\"><ul><li>Include these codes as defined in <a href=\"CodeSystem-certainty-rating.html\"><code>http://hl7.org/fhir/certainty-rating</code></a><table class=\"none\"><tr><td style=\"white-space:nowrap\"><b>Code</b></td><td><b>Display</b></td><td><b>Definition</b></td></tr><tr><td><a href=\"CodeSystem-certainty-rating.html#certainty-rating-no-change\">no-change</a></td><td>no change to rating</td><td>no change to quality rating.</td></tr><tr><td><a href=\"CodeSystem-certainty-rating.html#certainty-rating-upcode1\">upcode1</a></td><td>increase rating: +1</td><td>increase quality rating by 1.</td></tr><tr><td><a href=\"CodeSystem-certainty-rating.html#certainty-rating-upcode2\">upcode2</a></td><td>increase rating: +2</td><td>increase quality rating by 2.</td></tr></table></li></ul></div>"},"extension":[{"url":"http://hl7.org/fhir/uv/cpg/StructureDefinition/cpg-knowledgeCapability","valueCode":"shareable"},{"url":"http://hl7.org/fhir/uv/cpg/StructureDefinition/cpg-knowledgeCapability","valueCode":"computable"},{"url":"http://hl7.org/fhir/uv/cpg/StructureDefinition/cpg-knowledgeCapability","valueCode":"publishable"},{"url":"http://hl7.org/fhir/uv/cpg/StructureDefinition/cpg-knowledgeRepresentationLevel","valueCode":"structured"}],"url":"https://www.netzwerk-universitaetsmedizin.de/fhir/screen4care/ValueSet/vs-rating-uprating-two-levels","version":"0.1.1","name":"RatingUpratingTwoLevels","title":"Rating Up Rating Two Levels","status":"draft","date":"2022-09-06","publisher":"Netzwerk Universitätsmedizin (NUM)","contact":[{"telecom":[{"system":"url","value":"https://www.netzwerk-universitaetsmedizin.de"}]}],"description":"Ratings for factors that might cause rating up the certainty","compose":{"include":[{"system":"http://hl7.org/fhir/certainty-rating","concept":[{"code":"no-change","display":"no change to rating"},{"code":"upcode1","display":"increase rating: +1"},{"code":"upcode2","display":"increase rating: +2"}]}]}}