{
  "resourceType" : "ActivityDefinition",
  "id" : "DexamethasoneApplicationActionIntravenous",
  "meta" : {
    "profile" : ["https://www.netzwerk-universitaetsmedizin.de/fhir/screen4care/StructureDefinition/drug-administration-action"]
  },
  "text" : {
    "status" : "extensions",
    "div" : "<div xmlns=\"http://www.w3.org/1999/xhtml\"><p><b>Generated Narrative: ActivityDefinition</b><a name=\"DexamethasoneApplicationActionIntravenous\"> </a></p><div style=\"display: inline-block; background-color: #d9e0e7; padding: 6px; margin: 4px; border: 1px solid #8da1b4; border-radius: 5px; line-height: 60%\"><p style=\"margin-bottom: 0px\">Resource ActivityDefinition &quot;DexamethasoneApplicationActionIntravenous&quot; </p><p style=\"margin-bottom: 0px\">Profile: <a href=\"StructureDefinition-drug-administration-action.html\">Drug Administration Action</a></p></div><p><b>knowledgeCapability</b>: computable</p><p><b>knowledgeRepresentationLevel</b>: structured</p><p><b>url</b>: <code>https://www.netzwerk-universitaetsmedizin.de/fhir/cpg-on-ebm-on-fhir/example/recommendation-action/dexamethasone-application-intravenous</code></p><p><b>version</b>: 1.0</p><p><b>name</b>: DexamethasoneApplicationActionIntravenous</p><p><b>status</b>: active</p><p><b>experimental</b>: true</p><p><b>subject</b>: Patient <span style=\"background: LightGoldenRodYellow; margin: 4px; border: 1px solid khaki\"> (<a href=\"http://hl7.org/fhir/R5/codesystem-fhir-types.html\">All FHIR Types</a>#Patient)</span></p><p><b>date</b>: 2023-08-08 08:47:01+0000</p><p><b>publisher</b>: CPGonEBMonFHIR</p><p><b>description</b>: Application of Dexamethasone: 6 mg once per day for 10 days (intravenous route)</p><p><b>kind</b>: MedicationRequest</p><p><b>code</b>: Administration of substance (procedure) <span style=\"background: LightGoldenRodYellow; margin: 4px; border: 1px solid khaki\"> (<a href=\"https://browser.ihtsdotools.org/\">SNOMED CT</a>#432102000)</span></p><p><b>product</b>: Dexamethasone (substance) <span style=\"background: LightGoldenRodYellow; margin: 4px; border: 1px solid khaki\"> (<a href=\"https://browser.ihtsdotools.org/\">SNOMED CT</a>#372584003; atc#C05AA09 &quot;Dexamethason&quot;)</span></p><blockquote><p><b>dosage</b></p><p><b>timing</b>: Count 10 times, Duration 10days, Once per 1 days</p><p><b>route</b>: Intravenous route <span style=\"background: LightGoldenRodYellow; margin: 4px; border: 1px solid khaki\"> (<a href=\"https://browser.ihtsdotools.org/\">SNOMED CT</a>#47625008)</span></p><blockquote><p><b>doseAndRate</b></p></blockquote></blockquote></div>"
  },
  "extension" : [{
    "url" : "http://hl7.org/fhir/uv/cpg/StructureDefinition/cpg-knowledgeCapability",
    "valueCode" : "computable"
  },
  {
    "url" : "http://hl7.org/fhir/uv/cpg/StructureDefinition/cpg-knowledgeRepresentationLevel",
    "valueCode" : "structured"
  }],
  "url" : "https://www.netzwerk-universitaetsmedizin.de/fhir/cpg-on-ebm-on-fhir/example/recommendation-action/dexamethasone-application-intravenous",
  "version" : "1.0",
  "name" : "DexamethasoneApplicationActionIntravenous",
  "status" : "active",
  "experimental" : true,
  "subjectCodeableConcept" : {
    "coding" : [{
      "system" : "http://hl7.org/fhir/fhir-types",
      "code" : "Patient"
    }]
  },
  "date" : "2023-08-08T08:47:01+00:00",
  "publisher" : "CPGonEBMonFHIR",
  "description" : "Application of Dexamethasone: 6 mg once per day for 10 days (intravenous route)",
  "kind" : "MedicationRequest",
  "code" : {
    "coding" : [{
      "system" : "http://snomed.info/sct",
      "code" : "432102000",
      "display" : "Administration of substance (procedure)"
    }]
  },
  "productCodeableConcept" : {
    "coding" : [{
      "system" : "http://snomed.info/sct",
      "code" : "372584003",
      "display" : "Dexamethasone (substance)"
    },
    {
      "system" : "http://fhir.de/CodeSystem/bfarm/atc",
      "code" : "C05AA09",
      "display" : "Dexamethason"
    }]
  },
  "dosage" : [{
    "timing" : {
      "repeat" : {
        "count" : 10,
        "duration" : 10,
        "durationUnit" : "d",
        "frequency" : 1,
        "period" : 1,
        "periodUnit" : "d"
      }
    },
    "route" : {
      "coding" : [{
        "system" : "http://snomed.info/sct",
        "code" : "47625008",
        "display" : "Intravenous route"
      }]
    },
    "doseAndRate" : [{
      "doseQuantity" : {
        "value" : 6,
        "unit" : "mg",
        "system" : "http://unitsofmeasure.org",
        "code" : "mg"
      },
      "rateQuantity" : {
        "value" : 1,
        "unit" : "/d",
        "system" : "http://unitsofmeasure.org",
        "code" : "/d"
      }
    }]
  }]
}