{
  "resourceType" : "ArtifactAssessment",
  "id" : "NoDexamethasoneRecommendationJustification",
  "meta" : {
    "profile" : ["https://www.netzwerk-universitaetsmedizin.de/fhir/screen4care/StructureDefinition/recommendation-justification"]
  },
  "text" : {
    "status" : "extensions",
    "div" : "<div xmlns=\"http://www.w3.org/1999/xhtml\"><p><b>Generated Narrative: ArtifactAssessment</b><a name=\"NoDexamethasoneRecommendationJustification\"> </a></p><div style=\"display: inline-block; background-color: #d9e0e7; padding: 6px; margin: 4px; border: 1px solid #8da1b4; border-radius: 5px; line-height: 60%\"><p style=\"margin-bottom: 0px\">Resource ArtifactAssessment &quot;NoDexamethasoneRecommendationJustification&quot; </p><p style=\"margin-bottom: 0px\">Profile: <a href=\"StructureDefinition-recommendation-justification.html\">Recommendation Justification</a></p></div><p><b>ArtifactAssessment Version</b>: v4.0</p><p><b>ArtifactAssessment Publication Status</b>: active</p><p><b>date</b>: 2020-01-03</p><p><b>artifact</b>: <a href=\"PlanDefinition-COVID19NonVentilatedPatientsDexamethasoneApplicationPlan.html\">PlanDefinition/COVID19NonVentilatedPatientsDexamethasoneApplicationPlan</a> &quot;No_Dexamethasone_Application&quot;</p><blockquote><p><b>content</b></p><p><b>informationType</b>: rating</p><p><b>type</b>: Strength of recommendation <span style=\"background: LightGoldenRodYellow; margin: 4px; border: 1px solid khaki\"> (<a href=\"CodeSystem-ceosys-code-system.html\">CEOsys Code System</a>#strength)</span></p><p><b>classifier</b>: Strong for an intervention <span style=\"background: LightGoldenRodYellow; margin: 4px; border: 1px solid khaki\"> (<a href=\"CodeSystem-ceosys-cs-recommendation-strength.html\">Recommendation Strength</a>#strong-for)</span></p></blockquote><blockquote><p><b>content</b></p><p><b>informationType</b>: rating</p><p><b>type</b>: Consensus <span style=\"background: LightGoldenRodYellow; margin: 4px; border: 1px solid khaki\"> (<a href=\"CodeSystem-ceosys-code-system.html\">CEOsys Code System</a>#consensus)</span></p><p><b>classifier</b>: Strong <span style=\"background: LightGoldenRodYellow; margin: 4px; border: 1px solid khaki\"> (<a href=\"http://terminology.hl7.org/5.0.0/CodeSystem-recommendation-strength.html\">StrengthOfRecommendationRating</a>#strong)</span></p></blockquote><blockquote><p><b>content</b></p><p><b>informationType</b>: rating</p><p><b>type</b>: Preference and values <span style=\"background: LightGoldenRodYellow; margin: 4px; border: 1px solid khaki\"> (<a href=\"CodeSystem-cs-evidence-to-decision-certainty-type.html\">Evidence To Decision Certainty type</a>#preference-and-values)</span></p><p><b>classifier</b>: Factor not considered <span style=\"background: LightGoldenRodYellow; margin: 4px; border: 1px solid khaki\"> (<a href=\"CodeSystem-cs-evidence-to-decision-certainty-rating.html\">Evidence To Decision Certainty Rating</a>#factor-not-considered)</span></p></blockquote><blockquote><p><b>content</b></p><p><b>informationType</b>: rating</p><p><b>type</b>: Resources <span style=\"background: LightGoldenRodYellow; margin: 4px; border: 1px solid khaki\"> (<a href=\"CodeSystem-cs-evidence-to-decision-certainty-type.html\">Evidence To Decision Certainty type</a>#resources)</span></p><p><b>classifier</b>: No important issues <span style=\"background: LightGoldenRodYellow; margin: 4px; border: 1px solid khaki\"> (<a href=\"CodeSystem-cs-evidence-to-decision-certainty-rating.html\">Evidence To Decision Certainty Rating</a>#no-important-issues)</span></p></blockquote><blockquote><p><b>content</b></p><p><b>informationType</b>: rating</p><p><b>type</b>: Acceptability <span style=\"background: LightGoldenRodYellow; margin: 4px; border: 1px solid khaki\"> (<a href=\"CodeSystem-cs-evidence-to-decision-certainty-type.html\">Evidence To Decision Certainty type</a>#acceptability)</span></p><p><b>classifier</b>: Factor not considered <span style=\"background: LightGoldenRodYellow; margin: 4px; border: 1px solid khaki\"> (<a href=\"CodeSystem-cs-evidence-to-decision-certainty-rating.html\">Evidence To Decision Certainty Rating</a>#factor-not-considered)</span></p></blockquote><blockquote><p><b>content</b></p><p><b>informationType</b>: rating</p><p><b>type</b>: Feasibility <span style=\"background: LightGoldenRodYellow; margin: 4px; border: 1px solid khaki\"> (<a href=\"CodeSystem-cs-evidence-to-decision-certainty-type.html\">Evidence To Decision Certainty type</a>#feasibility)</span></p><p><b>classifier</b>: Factor not considered <span style=\"background: LightGoldenRodYellow; margin: 4px; border: 1px solid khaki\"> (<a href=\"CodeSystem-cs-evidence-to-decision-certainty-rating.html\">Evidence To Decision Certainty Rating</a>#factor-not-considered)</span></p></blockquote><blockquote><p><b>content</b></p><p><b>informationType</b>: container</p><p><b>type</b>: Certainty of evidence rating <span style=\"background: LightGoldenRodYellow; margin: 4px; border: 1px solid khaki\"> (<a href=\"CodeSystem-ceosys-code-system.html\">CEOsys Code System</a>#certainty-of-evidence-rating)</span></p><h3>RelatedArtifacts</h3><table class=\"grid\"><tr><td style=\"display: none\">-</td><td><b>Type</b></td><td><b>Classifier</b></td><td><b>ResourceReference</b></td></tr><tr><td style=\"display: none\">*</td><td>justification</td><td>Certainty of evidence rating <span style=\"background: LightGoldenRodYellow; margin: 4px; border: 1px solid khaki\"> (<a href=\"CodeSystem-ceosys-code-system.html\">CEOsys Code System</a>#certainty-of-evidence-rating)</span></td><td><a href=\"ArtifactAssessment-DexamethasoneRatingOutcomeMortality.html\">ArtifactAssessment/DexamethasoneRatingOutcomeMortality</a></td></tr></table></blockquote></div>"
  },
  "extension" : [{
    "url" : "https://www.netzwerk-universitaetsmedizin.de/fhir/screen4care/StructureDefinition/ceosys-extension-artifact-assessment-version",
    "valueString" : "v4.0"
  },
  {
    "url" : "https://www.netzwerk-universitaetsmedizin.de/fhir/screen4care/StructureDefinition/ceosys-extension-artifact-assessment-publication-status",
    "valueCode" : "active"
  }],
  "date" : "2020-01-03",
  "artifactReference" : {
    "reference" : "PlanDefinition/COVID19NonVentilatedPatientsDexamethasoneApplicationPlan"
  },
  "content" : [{
    "informationType" : "rating",
    "type" : {
      "coding" : [{
        "system" : "https://www.netzwerk-universitaetsmedizin.de/fhir/screen4care/CodeSystem/ceosys-code-system",
        "code" : "strength",
        "display" : "Strength of recommendation"
      }]
    },
    "classifier" : [{
      "coding" : [{
        "system" : "https://www.netzwerk-universitaetsmedizin.de/fhir/screen4care/CodeSystem/ceosys-cs-recommendation-strength",
        "code" : "strong-for"
      }]
    }]
  },
  {
    "informationType" : "rating",
    "type" : {
      "coding" : [{
        "system" : "https://www.netzwerk-universitaetsmedizin.de/fhir/screen4care/CodeSystem/ceosys-code-system",
        "code" : "consensus",
        "display" : "Consensus"
      }]
    },
    "classifier" : [{
      "coding" : [{
        "system" : "http://terminology.hl7.org/CodeSystem/recommendation-strength",
        "code" : "strong",
        "display" : "Strong"
      }]
    }]
  },
  {
    "informationType" : "rating",
    "type" : {
      "coding" : [{
        "system" : "https://www.netzwerk-universitaetsmedizin.de/fhir/screen4care/CodeSystem/cs-evidence-to-decision-certainty-type",
        "code" : "preference-and-values",
        "display" : "Preference and values"
      }]
    },
    "classifier" : [{
      "coding" : [{
        "system" : "https://www.netzwerk-universitaetsmedizin.de/fhir/screen4care/CodeSystem/cs-evidence-to-decision-certainty-rating",
        "code" : "factor-not-considered",
        "display" : "Factor not considered"
      }]
    }]
  },
  {
    "informationType" : "rating",
    "type" : {
      "coding" : [{
        "system" : "https://www.netzwerk-universitaetsmedizin.de/fhir/screen4care/CodeSystem/cs-evidence-to-decision-certainty-type",
        "code" : "resources",
        "display" : "Resources"
      }]
    },
    "classifier" : [{
      "coding" : [{
        "system" : "https://www.netzwerk-universitaetsmedizin.de/fhir/screen4care/CodeSystem/cs-evidence-to-decision-certainty-rating",
        "code" : "no-important-issues",
        "display" : "No important issues"
      }]
    }]
  },
  {
    "informationType" : "rating",
    "type" : {
      "coding" : [{
        "system" : "https://www.netzwerk-universitaetsmedizin.de/fhir/screen4care/CodeSystem/cs-evidence-to-decision-certainty-type",
        "code" : "acceptability",
        "display" : "Acceptability"
      }]
    },
    "classifier" : [{
      "coding" : [{
        "system" : "https://www.netzwerk-universitaetsmedizin.de/fhir/screen4care/CodeSystem/cs-evidence-to-decision-certainty-rating",
        "code" : "factor-not-considered",
        "display" : "Factor not considered"
      }]
    }]
  },
  {
    "informationType" : "rating",
    "type" : {
      "coding" : [{
        "system" : "https://www.netzwerk-universitaetsmedizin.de/fhir/screen4care/CodeSystem/cs-evidence-to-decision-certainty-type",
        "code" : "feasibility",
        "display" : "Feasibility"
      }]
    },
    "classifier" : [{
      "coding" : [{
        "system" : "https://www.netzwerk-universitaetsmedizin.de/fhir/screen4care/CodeSystem/cs-evidence-to-decision-certainty-rating",
        "code" : "factor-not-considered",
        "display" : "Factor not considered"
      }]
    }]
  },
  {
    "informationType" : "container",
    "type" : {
      "coding" : [{
        "system" : "https://www.netzwerk-universitaetsmedizin.de/fhir/screen4care/CodeSystem/ceosys-code-system",
        "code" : "certainty-of-evidence-rating",
        "display" : "Certainty of evidence rating"
      }]
    },
    "relatedArtifact" : [{
      "type" : "justification",
      "classifier" : [{
        "coding" : [{
          "system" : "https://www.netzwerk-universitaetsmedizin.de/fhir/screen4care/CodeSystem/ceosys-code-system",
          "code" : "certainty-of-evidence-rating",
          "display" : "Certainty of evidence rating"
        }]
      }],
      "resourceReference" : {
        "reference" : "ArtifactAssessment/DexamethasoneRatingOutcomeMortality"
      }
    }]
  }]
}