{
  "resourceType" : "EvidenceVariable",
  "id" : "StudyEligibilityCriteriaSystemicCorticosteroidsCOVID19",
  "meta" : {
    "profile" : ["https://www.netzwerk-universitaetsmedizin.de/fhir/screen4care/StructureDefinition/study-eligibility-criteria"]
  },
  "text" : {
    "status" : "generated",
    "div" : "<div xmlns=\"http://www.w3.org/1999/xhtml\"><p><b>Generated Narrative: EvidenceVariable</b><a name=\"StudyEligibilityCriteriaSystemicCorticosteroidsCOVID19\"> </a></p><div style=\"display: inline-block; background-color: #d9e0e7; padding: 6px; margin: 4px; border: 1px solid #8da1b4; border-radius: 5px; line-height: 60%\"><p style=\"margin-bottom: 0px\">Resource EvidenceVariable &quot;StudyEligibilityCriteriaSystemicCorticosteroidsCOVID19&quot; </p><p style=\"margin-bottom: 0px\">Profile: <a href=\"StructureDefinition-study-eligibility-criteria.html\">Study Eligibility Criteria</a></p></div><p><b>url</b>: <code>https://www.netzwerk-universitaetsmedizin.de/fhir/screen4care/EvidenceVariable/StudyEligibilityCriteriaSystemicCorticosteroidsCOVID19</code></p><p><b>name</b>: StudyEligibilityCriteriaSystemicCorticosteroidsCOVID19</p><p><b>status</b>: active</p><p><b>date</b>: 2023-08-08 08:47:01+0000</p><blockquote><p><b>characteristic</b></p><h3>DefinitionByTypeAndValues</h3><table class=\"grid\"><tr><td style=\"display: none\">-</td><td><b>Type</b></td><td><b>Value[x]</b></td></tr><tr><td style=\"display: none\">*</td><td>Clinical finding (finding) <span style=\"background: LightGoldenRodYellow; margin: 4px; border: 1px solid khaki\"> (<a href=\"https://browser.ihtsdotools.org/\">SNOMED CT</a>#404684003)</span></td><td>Disease caused by Severe acute respiratory syndrome coronavirus 2 (disorder) <span style=\"background: LightGoldenRodYellow; margin: 4px; border: 1px solid khaki\"> (<a href=\"https://browser.ihtsdotools.org/\">SNOMED CT</a>#840539006)</span></td></tr></table></blockquote></div>"
  },
  "url" : "https://www.netzwerk-universitaetsmedizin.de/fhir/screen4care/EvidenceVariable/StudyEligibilityCriteriaSystemicCorticosteroidsCOVID19",
  "name" : "StudyEligibilityCriteriaSystemicCorticosteroidsCOVID19",
  "status" : "active",
  "date" : "2023-08-08T08:47:01+00:00",
  "characteristic" : [{
    "definitionByTypeAndValue" : {
      "type" : {
        "coding" : [{
          "system" : "http://snomed.info/sct",
          "code" : "404684003",
          "display" : "Clinical finding (finding)"
        }]
      },
      "valueCodeableConcept" : {
        "coding" : [{
          "system" : "http://snomed.info/sct",
          "code" : "840539006",
          "display" : "Disease caused by Severe acute respiratory syndrome coronavirus 2 (disorder)"
        }]
      }
    }
  }]
}