{
  "resourceType" : "EvidenceVariable",
  "id" : "ExampleIntervention",
  "meta" : {
    "profile" : ["https://www.netzwerk-universitaetsmedizin.de/fhir/screen4care/StructureDefinition/intervention-definition"]
  },
  "text" : {
    "status" : "generated",
    "div" : "<div xmlns=\"http://www.w3.org/1999/xhtml\"><p><b>Generated Narrative: EvidenceVariable</b><a name=\"ExampleIntervention\"> </a></p><div style=\"display: inline-block; background-color: #d9e0e7; padding: 6px; margin: 4px; border: 1px solid #8da1b4; border-radius: 5px; line-height: 60%\"><p style=\"margin-bottom: 0px\">Resource EvidenceVariable &quot;ExampleIntervention&quot; </p><p style=\"margin-bottom: 0px\">Profile: <a href=\"StructureDefinition-intervention-definition.html\">Intervention Definition</a></p></div><p><b>url</b>: <code>https://www.netzwerk-universitaetsmedizin.de/fhir/screen4care/EvidenceVariable/ExampleIntervention</code></p><p><b>name</b>: Bariatric Surgery</p><p><b>status</b>: active</p><p><b>date</b>: 2023-08-08 08:47:01+0000</p><h3>Characteristics</h3><table class=\"grid\"><tr><td style=\"display: none\">-</td><td><b>DefinitionCodeableConcept</b></td></tr><tr><td style=\"display: none\">*</td><td>Bariatric operative procedure (procedure) <span style=\"background: LightGoldenRodYellow; margin: 4px; border: 1px solid khaki\"> (<a href=\"https://browser.ihtsdotools.org/\">SNOMED CT</a>#430715008)</span></td></tr></table></div>"
  },
  "url" : "https://www.netzwerk-universitaetsmedizin.de/fhir/screen4care/EvidenceVariable/ExampleIntervention",
  "name" : "Bariatric Surgery",
  "status" : "active",
  "date" : "2023-08-08T08:47:01+00:00",
  "characteristic" : [{
    "definitionCodeableConcept" : {
      "coding" : [{
        "system" : "http://snomed.info/sct",
        "code" : "430715008",
        "display" : "Bariatric operative procedure (procedure)"
      }]
    }
  }]
}