{
  "resourceType" : "EvidenceVariable",
  "id" : "ExampleOutcome",
  "meta" : {
    "profile" : ["https://www.netzwerk-universitaetsmedizin.de/fhir/screen4care/StructureDefinition/outcome-definition"]
  },
  "text" : {
    "status" : "generated",
    "div" : "<div xmlns=\"http://www.w3.org/1999/xhtml\"><p><b>Generated Narrative: EvidenceVariable</b><a name=\"ExampleOutcome\"> </a></p><div style=\"display: inline-block; background-color: #d9e0e7; padding: 6px; margin: 4px; border: 1px solid #8da1b4; border-radius: 5px; line-height: 60%\"><p style=\"margin-bottom: 0px\">Resource EvidenceVariable &quot;ExampleOutcome&quot; </p><p style=\"margin-bottom: 0px\">Profile: <a href=\"StructureDefinition-outcome-definition.html\">Outcome Definition</a></p></div><p><b>url</b>: <code>https://www.netzwerk-universitaetsmedizin.de/fhir/screen4care/EvidenceVariable/ExampleOutcome</code></p><p><b>identifier</b>: id:\u00a0outcome-example</p><p><b>name</b>: Mortality</p><p><b>status</b>: active</p><p><b>date</b>: 2023-08-08 08:47:01+0000</p><blockquote><p><b>characteristic</b></p><p><b>exclude</b>: false</p><h3>DefinitionByTypeAndValues</h3><table class=\"grid\"><tr><td style=\"display: none\">-</td><td><b>Type</b></td><td><b>Value[x]</b></td></tr><tr><td style=\"display: none\">*</td><td>Mortality rate (observable entity) <span style=\"background: LightGoldenRodYellow; margin: 4px; border: 1px solid khaki\"> (<a href=\"https://browser.ihtsdotools.org/\">SNOMED CT</a>#409651001)</span></td><td> percent<span style=\"background: LightGoldenRodYellow\"> (Details: UCUM code % = '%')</span></td></tr></table></blockquote><p><b>handling</b>: dichotomous</p></div>"
  },
  "url" : "https://www.netzwerk-universitaetsmedizin.de/fhir/screen4care/EvidenceVariable/ExampleOutcome",
  "identifier" : [{
    "system" : "https://www.ceosys.de",
    "value" : "outcome-example"
  }],
  "name" : "Mortality",
  "status" : "active",
  "date" : "2023-08-08T08:47:01+00:00",
  "characteristic" : [{
    "exclude" : false,
    "definitionByTypeAndValue" : {
      "type" : {
        "coding" : [{
          "system" : "http://snomed.info/sct",
          "code" : "409651001",
          "display" : "Mortality rate (observable entity)"
        }]
      },
      "valueQuantity" : {
        "unit" : "percent",
        "system" : "http://unitsofmeasure.org",
        "code" : "%"
      }
    }
  }],
  "handling" : "dichotomous"
}