{
  "resourceType" : "PlanDefinition",
  "id" : "COVID19NonVentilatedPatientsDexamethasoneApplicationPlan",
  "meta" : {
    "profile" : ["https://www.netzwerk-universitaetsmedizin.de/fhir/screen4care/StructureDefinition/recommendation-plan"]
  },
  "text" : {
    "status" : "extensions",
    "div" : "<div xmlns=\"http://www.w3.org/1999/xhtml\"><p><b>Generated Narrative: PlanDefinition</b><a name=\"COVID19NonVentilatedPatientsDexamethasoneApplicationPlan\"> </a></p><div style=\"display: inline-block; background-color: #d9e0e7; padding: 6px; margin: 4px; border: 1px solid #8da1b4; border-radius: 5px; line-height: 60%\"><p style=\"margin-bottom: 0px\">Resource PlanDefinition &quot;COVID19NonVentilatedPatientsDexamethasoneApplicationPlan&quot; </p><p style=\"margin-bottom: 0px\">Profile: <a href=\"StructureDefinition-recommendation-plan.html\">Recommendation Plan</a></p></div><p><b>knowledgeCapability</b>: computable</p><p><b>knowledgeRepresentationLevel</b>: structured</p><p><b>partOf</b>: <a href=\"PlanDefinition-COVID19DexamethasoneApplication.html\">Dexamethasone Application</a></p><p><b>url</b>: <code>https://www.netzwerk-universitaetsmedizin.de/fhir/cpg-on-ebm-on-fhir/example/covid19-non-ventilated-patients-no-dexamethasone-application-plan</code></p><p><b>version</b>: 4.0</p><p><b>name</b>: No_Dexamethasone_Application</p><p><b>title</b>: No Dexamethasone Application for non-ventilated COVID-19 patients</p><p><b>type</b>: ECA Rule <span style=\"background: LightGoldenRodYellow; margin: 4px; border: 1px solid khaki\"> (<a href=\"http://terminology.hl7.org/5.0.0/CodeSystem-plan-definition-type.html\">PlanDefinitionType</a>#eca-rule)</span></p><p><b>status</b>: active</p><p><b>experimental</b>: true</p><p><b>subject</b>: <a href=\"Bundle-COVID19IntensiveCareTreatmentGuidelineBundle.html\">Population_COVID19_NonVentilated</a></p><p><b>date</b>: 2021-12-12</p><p><b>publisher</b>: CPGonEBMonFHIR</p><p><b>description</b>: No Dexamethasone Application for non-ventilated COVID19 patients</p><h3>Actions</h3><table class=\"grid\"><tr><td style=\"display: none\">-</td><td><b>Code</b></td><td><b>SelectionBehavior</b></td><td><b>Definition[x]</b></td></tr><tr><td style=\"display: none\">*</td><td>Administration of substance (procedure) <span style=\"background: LightGoldenRodYellow; margin: 4px; border: 1px solid khaki\"> (<a href=\"https://browser.ihtsdotools.org/\">SNOMED CT</a>#432102000)</span></td><td>exactly-one</td><td><a href=\"ActivityDefinition-NoDexamethasoneApplication.html\">NoDexamethasoneApplicationActivity</a></td></tr></table></div>"
  },
  "extension" : [{
    "url" : "http://hl7.org/fhir/uv/cpg/StructureDefinition/cpg-knowledgeCapability",
    "valueCode" : "computable"
  },
  {
    "url" : "http://hl7.org/fhir/uv/cpg/StructureDefinition/cpg-knowledgeRepresentationLevel",
    "valueCode" : "structured"
  },
  {
    "url" : "http://hl7.org/fhir/uv/cpg/StructureDefinition/cpg-partOf",
    "valueCanonical" : "https://www.netzwerk-universitaetsmedizin.de/fhir/cpg-on-ebm-on-fhir/example/covid19-dexamethasone-recommendation"
  }],
  "url" : "https://www.netzwerk-universitaetsmedizin.de/fhir/cpg-on-ebm-on-fhir/example/covid19-non-ventilated-patients-no-dexamethasone-application-plan",
  "version" : "4.0",
  "name" : "No_Dexamethasone_Application",
  "title" : "No Dexamethasone Application for non-ventilated COVID-19 patients",
  "type" : {
    "coding" : [{
      "system" : "http://terminology.hl7.org/CodeSystem/plan-definition-type",
      "code" : "eca-rule"
    }]
  },
  "status" : "active",
  "experimental" : true,
  "subjectCanonical" : "https://www.netzwerk-universitaetsmedizin.de/fhir/cpg-on-ebm-on-fhir/example/population/Population_COVID19_NonVentilated",
  "date" : "2021-12-12",
  "publisher" : "CPGonEBMonFHIR",
  "description" : "No Dexamethasone Application for non-ventilated COVID19 patients",
  "action" : [{
    "code" : {
      "coding" : [{
        "system" : "http://snomed.info/sct",
        "code" : "432102000",
        "display" : "Administration of substance (procedure)"
      }]
    },
    "selectionBehavior" : "exactly-one",
    "definitionCanonical" : "https://www.netzwerk-universitaetsmedizin.de/fhir/cpg-on-ebm-on-fhir/example/recommendation-action/no-dexamethasone-application"
  }]
}